circuit,num_qubits,optimization_level,topology,seed,routing,depth,transpile_time,routing_overhead_2q,total_gates,one_qubit_gates,two_qubit_gates,mode,exec_time,fidelity,success_prob
ghz,5,0,linear,11,preset_default,8,0.002528700017137453,0,7,3,4,ideal,0.02117530000396073,0.9999310922823661,1.0
ghz,5,0,linear,11,preset_default,8,0.002528700017137453,0,7,3,4,noisy,0.01427540002623573,0.8825675320650527,0.882568359375
ghz,5,0,linear,22,preset_default,8,0.0006609999982174486,0,7,3,4,ideal,0.020056900015333667,0.9999985098816602,1.0
ghz,5,0,linear,22,preset_default,8,0.0006609999982174486,0,7,3,4,noisy,0.012474199989810586,0.8746882436168026,0.874755859375
ghz,5,0,linear,33,preset_default,8,0.000597400008700788,0,7,3,4,ideal,0.019516400003340095,0.9999899267135619,1.0
ghz,5,0,linear,33,preset_default,8,0.000597400008700788,0,7,3,4,noisy,0.012567099998705089,0.8820677628052839,0.882080078125
ghz,5,0,grid,11,preset_default,11,0.0037794999952893704,6,13,3,10,ideal,0.019727900013094768,0.9999310922823661,1.0
ghz,5,0,grid,11,preset_default,11,0.0037794999952893704,6,13,3,10,noisy,0.013727300014579669,0.8525320710158316,0.8525390625
ghz,5,0,grid,22,preset_default,13,0.0010133000032510608,6,13,3,10,ideal,0.019479100010357797,0.9999985098816602,1.0
ghz,5,0,grid,22,preset_default,13,0.0010133000032510608,6,13,3,10,noisy,0.014386199996806681,0.8300177317043614,0.830078125
ghz,5,0,grid,33,preset_default,13,0.0011717999877873808,6,13,3,10,ideal,0.020160600019153208,0.9999899267135619,1.0
ghz,5,0,grid,33,preset_default,13,0.0011717999877873808,6,13,3,10,noisy,0.013930999994045123,0.8417943259602337,0.841796875
ghz,5,0,heavy_hex,11,preset_default,19,0.0013012000126764178,24,31,3,28,ideal,0.02136770001379773,0.9999310922823661,1.0
ghz,5,0,heavy_hex,11,preset_default,19,0.0013012000126764178,24,31,3,28,noisy,0.02140170001075603,0.7746157089376277,0.774658203125
ghz,5,0,heavy_hex,22,preset_default,23,0.0020121000125072896,21,28,3,25,ideal,0.030925099999876693,0.9999985098816602,1.0
ghz,5,0,heavy_hex,22,preset_default,23,0.0020121000125072896,21,28,3,25,noisy,0.02984669999568723,0.790985483033527,0.791015625
ghz,5,0,heavy_hex,33,preset_default,17,0.0014210000226739794,18,25,3,22,ideal,0.021704400016460568,0.9999899267135619,1.0
ghz,5,0,heavy_hex,33,preset_default,17,0.0014210000226739794,18,25,3,22,noisy,0.033028599980752915,0.80810546875,0.80810546875
ghz,5,1,linear,11,preset_default,8,0.00208170001860708,0,7,3,4,ideal,0.020970999990822747,0.9999310922823661,1.0
ghz,5,1,linear,11,preset_default,8,0.00208170001860708,0,7,3,4,noisy,0.012667900009546429,0.8825675320650527,0.882568359375
ghz,5,1,linear,22,preset_default,8,0.0008224999764934182,0,7,3,4,ideal,0.021879600011743605,0.9999985098816602,1.0
ghz,5,1,linear,22,preset_default,8,0.0008224999764934182,0,7,3,4,noisy,0.014450400019995868,0.8746882436168026,0.874755859375
ghz,5,1,linear,33,preset_default,8,0.0008070999756455421,0,7,3,4,ideal,0.022059899987652898,0.9999899267135619,1.0
ghz,5,1,linear,33,preset_default,8,0.0008070999756455421,0,7,3,4,noisy,0.013705799996387213,0.8820677628052839,0.882080078125
ghz,5,1,grid,11,preset_default,8,0.0023702000034973025,0,7,3,4,ideal,0.021307499991962686,0.9999310922823661,1.0
ghz,5,1,grid,11,preset_default,8,0.0023702000034973025,0,7,3,4,noisy,0.013353399990592152,0.8818348560341112,0.8818359375
ghz,5,1,grid,22,preset_default,8,0.0009105999779421836,0,7,3,4,ideal,0.021200899995164946,0.9999985098816602,1.0
ghz,5,1,grid,22,preset_default,8,0.0009105999779421836,0,7,3,4,noisy,0.01397450000513345,0.8741955605938183,0.874267578125
ghz,5,1,grid,33,preset_default,8,0.0009446000040043145,0,7,3,4,ideal,0.021012999990489334,0.9999899267135619,1.0
ghz,5,1,grid,33,preset_default,8,0.0009446000040043145,0,7,3,4,noisy,0.01380570000037551,0.8820677628052839,0.882080078125
ghz,5,1,heavy_hex,11,preset_default,8,0.0012865000171586871,0,7,3,4,ideal,0.020936999993864447,0.9999310922823661,1.0
ghz,5,1,heavy_hex,11,preset_default,8,0.0012865000171586871,0,7,3,4,noisy,0.013250799995148554,0.8820787097731247,0.882080078125
ghz,5,1,heavy_hex,22,preset_default,8,0.0011898999800905585,0,7,3,4,ideal,0.02171279999311082,0.9999985098816602,1.0
ghz,5,1,heavy_hex,22,preset_default,8,0.0011898999800905585,0,7,3,4,noisy,0.013423500000499189,0.8737027361526498,0.873779296875
ghz,5,1,heavy_hex,33,preset_default,8,0.0011261999898124486,0,7,3,4,ideal,0.02151299998513423,0.9999899267135619,1.0
ghz,5,1,heavy_hex,33,preset_default,8,0.0011261999898124486,0,7,3,4,noisy,0.013522799999918789,0.8823109779418632,0.88232421875
ghz,5,2,linear,11,preset_default,8,0.004369100002804771,0,7,3,4,ideal,0.02245990000665188,0.9999310922823661,1.0
ghz,5,2,linear,11,preset_default,8,0.004369100002804771,0,7,3,4,noisy,0.01343079999787733,0.8825675320650527,0.882568359375
ghz,5,2,linear,22,preset_default,8,0.0016370000084862113,0,7,3,4,ideal,0.02064930001506582,0.9999985098816602,1.0
ghz,5,2,linear,22,preset_default,8,0.0016370000084862113,0,7,3,4,noisy,0.013734199979808182,0.8746882436168026,0.874755859375
ghz,5,2,linear,33,preset_default,8,0.001530899986391887,0,7,3,4,ideal,0.020944599993526936,0.9999899267135619,1.0
ghz,5,2,linear,33,preset_default,8,0.001530899986391887,0,7,3,4,noisy,0.013005900022108108,0.8820677628052839,0.882080078125
ghz,5,2,grid,11,preset_default,8,0.0016199999954551458,0,7,3,4,ideal,0.021374400006607175,0.9999310922823661,1.0
ghz,5,2,grid,11,preset_default,8,0.0016199999954551458,0,7,3,4,noisy,0.014328799996292219,0.8818348560341112,0.8818359375
ghz,5,2,grid,22,preset_default,8,0.0015636000025551766,0,7,3,4,ideal,0.020660600013798103,0.9999985098816602,1.0
ghz,5,2,grid,22,preset_default,8,0.0015636000025551766,0,7,3,4,noisy,0.014439899998251349,0.8741955605938183,0.874267578125
ghz,5,2,grid,33,preset_default,8,0.0017534000216983259,0,7,3,4,ideal,0.02041800000006333,0.9999899267135619,1.0
ghz,5,2,grid,33,preset_default,8,0.0017534000216983259,0,7,3,4,noisy,0.013538300001528114,0.8820677628052839,0.882080078125
ghz,5,2,heavy_hex,11,preset_default,8,0.0017606000183150172,0,7,3,4,ideal,0.02126999999745749,0.9999310922823661,1.0
ghz,5,2,heavy_hex,11,preset_default,8,0.0017606000183150172,0,7,3,4,noisy,0.013802800007397309,0.8820787097731247,0.882080078125
ghz,5,2,heavy_hex,22,preset_default,8,0.0017516000079922378,0,7,3,4,ideal,0.021074699994642287,0.9999985098816602,1.0
ghz,5,2,heavy_hex,22,preset_default,8,0.0017516000079922378,0,7,3,4,noisy,0.01379530000849627,0.8737027361526498,0.873779296875
ghz,5,2,heavy_hex,33,preset_default,8,0.0019527999975252897,0,7,3,4,ideal,0.020673799997894093,0.9999899267135619,1.0
ghz,5,2,heavy_hex,33,preset_default,8,0.0019527999975252897,0,7,3,4,noisy,0.013103000004775822,0.8823109779418632,0.88232421875
ghz,5,3,linear,11,preset_default,8,0.0033648000098764896,0,7,3,4,ideal,0.021539100009249523,0.9999310922823661,1.0
ghz,5,3,linear,11,preset_default,8,0.0033648000098764896,0,7,3,4,noisy,0.01363359999959357,0.8825675320650527,0.882568359375
ghz,5,3,linear,22,preset_default,8,0.0020241999882273376,0,7,3,4,ideal,0.02086709998548031,0.9999985098816602,1.0
ghz,5,3,linear,22,preset_default,8,0.0020241999882273376,0,7,3,4,noisy,0.012803699995856732,0.8746882436168026,0.874755859375
ghz,5,3,linear,33,preset_default,8,0.0019477999885566533,0,7,3,4,ideal,0.021515100001124665,0.9999899267135619,1.0
ghz,5,3,linear,33,preset_default,8,0.0019477999885566533,0,7,3,4,noisy,0.013446900004055351,0.8820677628052839,0.882080078125
ghz,5,3,grid,11,preset_default,8,0.001948200020706281,0,7,3,4,ideal,0.02190120000159368,0.9999310922823661,1.0
ghz,5,3,grid,11,preset_default,8,0.001948200020706281,0,7,3,4,noisy,0.013999799994053319,0.8818348560341112,0.8818359375
ghz,5,3,grid,22,preset_default,8,0.001687900017714128,0,7,3,4,ideal,0.021309000003384426,0.9999985098816602,1.0
ghz,5,3,grid,22,preset_default,8,0.001687900017714128,0,7,3,4,noisy,0.013841899984981865,0.8741955605938183,0.874267578125
ghz,5,3,grid,33,preset_default,8,0.0018260000215377659,0,7,3,4,ideal,0.021657700010109693,0.9999899267135619,1.0
ghz,5,3,grid,33,preset_default,8,0.0018260000215377659,0,7,3,4,noisy,0.013694799999939278,0.8820677628052839,0.882080078125
ghz,5,3,heavy_hex,11,preset_default,8,0.002339900005608797,0,7,3,4,ideal,0.021021799999289215,0.9999310922823661,1.0
ghz,5,3,heavy_hex,11,preset_default,8,0.002339900005608797,0,7,3,4,noisy,0.013880700018489733,0.8820787097731247,0.882080078125
ghz,5,3,heavy_hex,22,preset_default,8,0.0022601000091526657,0,7,3,4,ideal,0.020636900007957593,0.9999985098816602,1.0
ghz,5,3,heavy_hex,22,preset_default,8,0.0022601000091526657,0,7,3,4,noisy,0.015252800018060952,0.8737027361526498,0.873779296875
ghz,5,3,heavy_hex,33,preset_default,8,0.002077799988910556,0,7,3,4,ideal,0.020905099983792752,0.9999899267135619,1.0
ghz,5,3,heavy_hex,33,preset_default,8,0.002077799988910556,0,7,3,4,noisy,0.013969499996164814,0.8823109779418632,0.88232421875
ghz,8,0,linear,11,preset_default,11,0.0006861000147182494,0,10,3,7,ideal,0.026069799991091713,0.9999310922823661,1.0
ghz,8,0,linear,11,preset_default,11,0.0006861000147182494,0,10,3,7,noisy,0.020271000015782192,0.8000483624918616,0.800048828125
ghz,8,0,linear,22,preset_default,11,0.0008952999778557569,0,10,3,7,ideal,0.026582199992844835,0.9999269789780805,1.0
ghz,8,0,linear,22,preset_default,11,0.0008952999778557569,0,10,3,7,noisy,0.019078199984505773,0.8053754982637732,0.805419921875
ghz,8,0,linear,33,preset_default,11,0.0007086000114213675,0,10,3,7,ideal,0.02656800000113435,0.9999961852881822,1.0
ghz,8,0,linear,33,preset_default,11,0.0007086000114213675,0,10,3,7,noisy,0.019024200009880587,0.8137176083213286,0.813720703125
ghz,8,0,grid,11,preset_default,20,0.0014232000103220344,12,22,3,19,ideal,0.026511199976084754,0.9999310922823661,1.0
ghz,8,0,grid,11,preset_default,20,0.0014232000103220344,12,22,3,19,noisy,0.02037050001672469,0.7321760858725702,0.732177734375
ghz,8,0,grid,22,preset_default,15,0.0012036999978590757,9,19,3,16,ideal,0.03480470000067726,0.9999269789780805,1.0
ghz,8,0,grid,22,preset_default,15,0.0012036999978590757,9,19,3,16,noisy,0.02064750000135973,0.7565703482885245,0.756591796875
ghz,8,0,grid,33,preset_default,21,0.0012104999914299697,15,25,3,22,ideal,0.026147900003707036,0.9999961852881822,1.0
ghz,8,0,grid,33,preset_default,21,0.0012104999914299697,15,25,3,22,noisy,0.020402199996169657,0.7194540674732437,0.719482421875
ghz,8,0,heavy_hex,11,preset_default,38,0.0013589999871328473,45,55,3,52,ideal,0.028513900004327297,0.9999310922823661,1.0
ghz,8,0,heavy_hex,11,preset_default,38,0.0013589999871328473,45,55,3,52,noisy,1.1958177000051364,0.6469711821900378,0.64697265625
ghz,8,0,heavy_hex,22,preset_default,37,0.0012413999938871711,36,46,3,43,ideal,0.039888300001621246,0.9999269789780805,1.0
ghz,8,0,heavy_hex,22,preset_default,37,0.0012413999938871711,36,46,3,43,noisy,1.031930299999658,0.662835299883084,0.662841796875
ghz,8,0,heavy_hex,33,preset_default,37,0.0015218000044114888,36,46,3,43,ideal,0.02672229998279363,0.9999961852881822,1.0
ghz,8,0,heavy_hex,33,preset_default,37,0.0015218000044114888,36,46,3,43,noisy,1.0300021000148263,0.6596657098541727,0.65966796875
ghz,8,1,linear,11,preset_default,11,0.0013665000151377171,0,10,3,7,ideal,0.02544050000142306,0.9999310922823661,1.0
ghz,8,1,linear,11,preset_default,11,0.0013665000151377171,0,10,3,7,noisy,0.021719299984397367,0.8000483624918616,0.800048828125
ghz,8,1,linear,22,preset_default,11,0.0009515999990981072,0,10,3,7,ideal,0.02629829998477362,0.9999269789780805,1.0
ghz,8,1,linear,22,preset_default,11,0.0009515999990981072,0,10,3,7,noisy,0.0215543000085745,0.8053754982637732,0.805419921875
ghz,8,1,linear,33,preset_default,11,0.0010147999855689704,0,10,3,7,ideal,0.026656000001821667,0.9999961852881822,1.0
ghz,8,1,linear,33,preset_default,11,0.0010147999855689704,0,10,3,7,noisy,0.01930220000213012,0.8137176083213286,0.813720703125
ghz,8,1,grid,11,preset_default,11,0.001125300012063235,0,10,3,7,ideal,0.026946199999656528,0.9999310922823661,1.0
ghz,8,1,grid,11,preset_default,11,0.001125300012063235,0,10,3,7,noisy,0.019460200011963025,0.800047915483539,0.800048828125
ghz,8,1,grid,22,preset_default,11,0.0011425000266171992,0,10,3,7,ideal,0.027105599991045892,0.9999269789780805,1.0
ghz,8,1,grid,22,preset_default,11,0.0011425000266171992,0,10,3,7,noisy,0.01962400000775233,0.8056214466094535,0.8056640625
ghz,8,1,grid,33,preset_default,11,0.0014448000001721084,0,10,3,7,ideal,0.02681730000767857,0.9999961852881822,1.0
ghz,8,1,grid,33,preset_default,11,0.0014448000001721084,0,10,3,7,noisy,0.021183300006669015,0.8134739247175871,0.8134765625
ghz,8,1,heavy_hex,11,preset_default,11,0.0013103999954182655,0,10,3,7,ideal,0.026613199996063486,0.9999310922823661,1.0
ghz,8,1,heavy_hex,11,preset_default,11,0.0013103999954182655,0,10,3,7,noisy,0.01923879998503253,0.7998034951142176,0.7998046875
ghz,8,1,heavy_hex,22,preset_default,11,0.0012846000026911497,0,10,3,7,ideal,0.02646009999443777,0.9999269789780805,1.0
ghz,8,1,heavy_hex,22,preset_default,11,0.0012846000026911497,0,10,3,7,noisy,0.021619200007990003,0.8051331395132416,0.80517578125
ghz,8,1,heavy_hex,33,preset_default,11,0.0013598999939858913,0,10,3,7,ideal,0.026029299973743036,0.9999961852881822,1.0
ghz,8,1,heavy_hex,33,preset_default,11,0.0013598999939858913,0,10,3,7,noisy,0.02230119999148883,0.8132302047407939,0.813232421875
ghz,8,2,linear,11,preset_default,11,0.00160599997616373,0,10,3,7,ideal,0.027188200008822605,0.9999310922823661,1.0
ghz,8,2,linear,11,preset_default,11,0.00160599997616373,0,10,3,7,noisy,0.020274900016374886,0.8000483624918616,0.800048828125
ghz,8,2,linear,22,preset_default,11,0.0015546000213362277,0,10,3,7,ideal,0.02580639999359846,0.9999269789780805,1.0
ghz,8,2,linear,22,preset_default,11,0.0015546000213362277,0,10,3,7,noisy,0.02091870000003837,0.8053754982637732,0.805419921875
ghz,8,2,linear,33,preset_default,11,0.0015669999993406236,0,10,3,7,ideal,0.025862000009510666,0.9999961852881822,1.0
ghz,8,2,linear,33,preset_default,11,0.0015669999993406236,0,10,3,7,noisy,0.0314205999893602,0.8137176083213286,0.813720703125
ghz,8,2,grid,11,preset_default,11,0.0016718999831937253,0,10,3,7,ideal,0.025411900016479194,0.9999310922823661,1.0
ghz,8,2,grid,11,preset_default,11,0.0016718999831937253,0,10,3,7,noisy,0.020136800012551248,0.800047915483539,0.800048828125
ghz,8,2,grid,22,preset_default,11,0.00185650002094917,0,10,3,7,ideal,0.027597000007517636,0.9999269789780805,1.0
ghz,8,2,grid,22,preset_default,11,0.00185650002094917,0,10,3,7,noisy,0.02113479998661205,0.8056214466094535,0.8056640625
ghz,8,2,grid,33,preset_default,11,0.001538599986815825,0,10,3,7,ideal,0.025494300003629178,0.9999961852881822,1.0
ghz,8,2,grid,33,preset_default,11,0.001538599986815825,0,10,3,7,noisy,0.01989080000203103,0.8134739247175871,0.8134765625
ghz,8,2,heavy_hex,11,preset_default,11,0.0019041000050492585,0,10,3,7,ideal,0.02652349998243153,0.9999310922823661,1.0
ghz,8,2,heavy_hex,11,preset_default,11,0.0019041000050492585,0,10,3,7,noisy,0.021261299989419058,0.7998034951142176,0.7998046875
ghz,8,2,heavy_hex,22,preset_default,11,0.0017640000151004642,0,10,3,7,ideal,0.027407600020524114,0.9999269789780805,1.0
ghz,8,2,heavy_hex,22,preset_default,11,0.0017640000151004642,0,10,3,7,noisy,0.021294800011673942,0.8051331395132416,0.80517578125
ghz,8,2,heavy_hex,33,preset_default,11,0.0021269999851938337,0,10,3,7,ideal,0.0261739999987185,0.9999961852881822,1.0
ghz,8,2,heavy_hex,33,preset_default,11,0.0021269999851938337,0,10,3,7,noisy,0.019204000011086464,0.8132302047407939,0.813232421875
ghz,8,3,linear,11,preset_default,11,0.0018595999863464385,0,10,3,7,ideal,0.025601699977414683,0.9999310922823661,1.0
ghz,8,3,linear,11,preset_default,11,0.0018595999863464385,0,10,3,7,noisy,0.019223100011004135,0.8000483624918616,0.800048828125
ghz,8,3,linear,22,preset_default,11,0.0020586999889928848,0,10,3,7,ideal,0.027045599999837577,0.9999269789780805,1.0
ghz,8,3,linear,22,preset_default,11,0.0020586999889928848,0,10,3,7,noisy,0.021429700020235032,0.8053754982637732,0.805419921875
ghz,8,3,linear,33,preset_default,11,0.00194089999422431,0,10,3,7,ideal,0.025261899980250746,0.9999961852881822,1.0
ghz,8,3,linear,33,preset_default,11,0.00194089999422431,0,10,3,7,noisy,0.021444300014991313,0.8137176083213286,0.813720703125
ghz,8,3,grid,11,preset_default,11,0.0021428999898489565,0,10,3,7,ideal,0.025089900009334087,0.9999310922823661,1.0
ghz,8,3,grid,11,preset_default,11,0.0021428999898489565,0,10,3,7,noisy,0.019911900017177686,0.800047915483539,0.800048828125
ghz,8,3,grid,22,preset_default,11,0.002478900016285479,0,10,3,7,ideal,0.02646140000433661,0.9999269789780805,1.0
ghz,8,3,grid,22,preset_default,11,0.002478900016285479,0,10,3,7,noisy,0.032627200009301305,0.8056214466094535,0.8056640625
ghz,8,3,grid,33,preset_default,11,0.0018560999887995422,0,10,3,7,ideal,0.025958299986086786,0.9999961852881822,1.0
ghz,8,3,grid,33,preset_default,11,0.0018560999887995422,0,10,3,7,noisy,0.03070640002260916,0.8134739247175871,0.8134765625
ghz,8,3,heavy_hex,11,preset_default,11,0.0022939000045880675,0,10,3,7,ideal,0.02541550001478754,0.9999310922823661,1.0
ghz,8,3,heavy_hex,11,preset_default,11,0.0022939000045880675,0,10,3,7,noisy,0.02049949998036027,0.7998034951142176,0.7998046875
ghz,8,3,heavy_hex,22,preset_default,11,0.0021637000027112663,0,10,3,7,ideal,0.026238399994326755,0.9999269789780805,1.0
ghz,8,3,heavy_hex,22,preset_default,11,0.0021637000027112663,0,10,3,7,noisy,0.02242410002509132,0.8051331395132416,0.80517578125
ghz,8,3,heavy_hex,33,preset_default,11,0.0021262999798636883,0,10,3,7,ideal,0.02583159998175688,0.9999961852881822,1.0
ghz,8,3,heavy_hex,33,preset_default,11,0.0021262999798636883,0,10,3,7,noisy,0.020015900023281574,0.8132302047407939,0.813232421875
ghz,10,0,linear,11,preset_default,13,0.0007431000121869147,0,12,3,9,ideal,0.030560299986973405,0.9999899267135619,1.0
ghz,10,0,linear,11,preset_default,13,0.0007431000121869147,0,12,3,9,noisy,0.03666849998990074,0.7678206936511437,0.767822265625
ghz,10,0,linear,22,preset_default,13,0.0007742000161670148,0,12,3,9,ideal,0.02915069999289699,0.9998509661769812,1.0
ghz,10,0,linear,22,preset_default,13,0.0007742000161670148,0,12,3,9,noisy,0.04147160000866279,0.7631179059894815,0.76318359375
ghz,10,0,linear,33,preset_default,13,0.0007533000025432557,0,12,3,9,ideal,0.028725799988023937,0.9999865887750645,1.0
ghz,10,0,linear,33,preset_default,13,0.0007533000025432557,0,12,3,9,noisy,0.042893100006040186,0.7678166569480508,0.767822265625
ghz,10,0,grid,11,preset_default,25,0.0014223999751266092,15,27,3,24,ideal,0.030565900000510737,0.9999899267135619,1.0
ghz,10,0,grid,11,preset_default,25,0.0014223999751266092,15,27,3,24,noisy,0.046234400011599064,0.6894531250000001,0.689453125
ghz,10,0,grid,22,preset_default,19,0.001333599997451529,12,24,3,21,ideal,0.029365900001721457,0.9998509661769812,1.0
ghz,10,0,grid,22,preset_default,19,0.001333599997451529,12,24,3,21,noisy,0.04591009998694062,0.704332480355916,0.704345703125
ghz,10,0,grid,33,preset_default,26,0.0015824000001884997,21,33,3,30,ideal,0.029488100000889972,0.9999865887750645,1.0
ghz,10,0,grid,33,preset_default,26,0.0015824000001884997,21,33,3,30,noisy,0.04222279999521561,0.65599929467955,0.656005859375
ghz,10,0,heavy_hex,11,preset_default,49,0.0014149000053294003,63,75,3,72,ideal,0.034575600002426654,0.9999899267135619,1.0
ghz,10,0,heavy_hex,11,preset_default,49,0.0014149000053294003,63,75,3,72,noisy,1.6171762000012677,0.5313989805417794,0.53173828125
ghz,10,0,heavy_hex,22,preset_default,34,0.0014577000110875815,54,66,3,63,ideal,0.033151499985251576,0.9998509661769812,1.0
ghz,10,0,heavy_hex,22,preset_default,34,0.0014577000110875815,54,66,3,63,noisy,1.435945500008529,0.5539453672049177,0.553955078125
ghz,10,0,heavy_hex,33,preset_default,44,0.001638799993088469,54,66,3,63,ideal,0.02880229998845607,0.9999865887750645,1.0
ghz,10,0,heavy_hex,33,preset_default,44,0.001638799993088469,54,66,3,63,noisy,1.463228499982506,0.5595596604374964,0.5595703125
ghz,10,1,linear,11,preset_default,13,0.0010030999837908894,0,12,3,9,ideal,0.03081859997473657,0.9999899267135619,1.0
ghz,10,1,linear,11,preset_default,13,0.0010030999837908894,0,12,3,9,noisy,0.04025550000369549,0.7678206936511437,0.767822265625
ghz,10,1,linear,22,preset_default,13,0.0009448000055272132,0,12,3,9,ideal,0.02832219999982044,0.9998509661769812,1.0
ghz,10,1,linear,22,preset_default,13,0.0009448000055272132,0,12,3,9,noisy,0.038811600010376424,0.7631179059894815,0.76318359375
ghz,10,1,linear,33,preset_default,13,0.001038200018228963,0,12,3,9,ideal,0.029770399996777996,0.9999865887750645,1.0
ghz,10,1,linear,33,preset_default,13,0.001038200018228963,0,12,3,9,noisy,0.05850830001872964,0.7678166569480508,0.767822265625
ghz,10,1,grid,11,preset_default,13,0.001260399993043393,0,12,3,9,ideal,0.03212710001389496,0.9999899267135619,1.0
ghz,10,1,grid,11,preset_default,13,0.001260399993043393,0,12,3,9,noisy,0.04209080000873655,0.7685527486400817,0.7685546875
ghz,10,1,grid,22,preset_default,13,0.001238699973328039,0,12,3,9,ideal,0.030420800001593307,0.9998509661769812,1.0
ghz,10,1,grid,22,preset_default,13,0.001238699973328039,0,12,3,9,noisy,0.04131940001389012,0.7628803665177288,0.762939453125
ghz,10,1,grid,33,preset_default,13,0.0011786000104621053,0,12,3,9,ideal,0.030444500007433817,0.9999865887750645,1.0
ghz,10,1,grid,33,preset_default,13,0.0011786000104621053,0,12,3,9,noisy,0.041838299977825955,0.7675718350659427,0.767578125
ghz,10,1,heavy_hex,11,preset_default,13,0.0013057000178378075,0,12,3,9,ideal,0.03132599999662489,0.9999899267135619,1.0
ghz,10,1,heavy_hex,11,preset_default,13,0.0013057000178378075,0,12,3,9,noisy,0.03655149997211993,0.7685527486400817,0.7685546875
ghz,10,1,heavy_hex,22,preset_default,13,0.0019601999956648797,0,12,3,9,ideal,0.030871499999193475,0.9998509661769812,1.0
ghz,10,1,heavy_hex,22,preset_default,13,0.0019601999956648797,0,12,3,9,noisy,0.037065799988340586,0.7628759908148713,0.762939453125
ghz,10,1,heavy_hex,33,preset_default,13,0.0013080000062473118,0,12,3,9,ideal,0.030243499990319833,0.9999865887750645,1.0
ghz,10,1,heavy_hex,33,preset_default,13,0.0013080000062473118,0,12,3,9,noisy,0.03612609999254346,0.7680586458211448,0.76806640625
ghz,10,2,linear,11,preset_default,13,0.0015721000090707093,0,12,3,9,ideal,0.029031400015810505,0.9999899267135619,1.0
ghz,10,2,linear,11,preset_default,13,0.0015721000090707093,0,12,3,9,noisy,0.038795300002675503,0.7678206936511437,0.767822265625
ghz,10,2,linear,22,preset_default,13,0.001923300005728379,0,12,3,9,ideal,0.02879189999657683,0.9998509661769812,1.0
ghz,10,2,linear,22,preset_default,13,0.001923300005728379,0,12,3,9,noisy,0.038252900005318224,0.7631179059894815,0.76318359375
ghz,10,2,linear,33,preset_default,13,0.001891099993372336,0,12,3,9,ideal,0.028955299989320338,0.9999865887750645,1.0
ghz,10,2,linear,33,preset_default,13,0.001891099993372336,0,12,3,9,noisy,0.036385999992489815,0.7678166569480508,0.767822265625
ghz,10,2,grid,11,preset_default,13,0.0020228000066708773,0,12,3,9,ideal,0.0300705999834463,0.9999899267135619,1.0
ghz,10,2,grid,11,preset_default,13,0.0020228000066708773,0,12,3,9,noisy,0.04052899999078363,0.7685527486400817,0.7685546875
ghz,10,2,grid,22,preset_default,13,0.001722799992421642,0,12,3,9,ideal,0.028266899986192584,0.9998509661769812,1.0
ghz,10,2,grid,22,preset_default,13,0.001722799992421642,0,12,3,9,noisy,0.037049599981401116,0.7628803665177288,0.762939453125
ghz,10,2,grid,33,preset_default,13,0.002029199997195974,0,12,3,9,ideal,0.041605699982028455,0.9999865887750645,1.0
ghz,10,2,grid,33,preset_default,13,0.002029199997195974,0,12,3,9,noisy,0.03810420000809245,0.7675718350659427,0.767578125
ghz,10,2,heavy_hex,11,preset_default,13,0.0019823999900836498,0,12,3,9,ideal,0.029306699987500906,0.9999899267135619,1.0
ghz,10,2,heavy_hex,11,preset_default,13,0.0019823999900836498,0,12,3,9,noisy,0.038937199977226555,0.7685527486400817,0.7685546875
ghz,10,2,heavy_hex,22,preset_default,13,0.00201199998264201,0,12,3,9,ideal,0.02937860001111403,0.9998509661769812,1.0
ghz,10,2,heavy_hex,22,preset_default,13,0.00201199998264201,0,12,3,9,noisy,0.0366148000175599,0.7628759908148713,0.762939453125
ghz,10,2,heavy_hex,33,preset_default,13,0.0020049000158905983,0,12,3,9,ideal,0.03095200000097975,0.9999865887750645,1.0
ghz,10,2,heavy_hex,33,preset_default,13,0.0020049000158905983,0,12,3,9,noisy,0.038968399981968105,0.7680586458211448,0.76806640625
ghz,10,3,linear,11,preset_default,13,0.0020300000032875687,0,12,3,9,ideal,0.029366300004767254,0.9999899267135619,1.0
ghz,10,3,linear,11,preset_default,13,0.0020300000032875687,0,12,3,9,noisy,0.03864610000164248,0.7678206936511437,0.767822265625
ghz,10,3,linear,22,preset_default,13,0.0021696999901905656,0,12,3,9,ideal,0.04141490001347847,0.9998509661769812,1.0
ghz,10,3,linear,22,preset_default,13,0.0021696999901905656,0,12,3,9,noisy,0.037590299994917586,0.7631179059894815,0.76318359375
ghz,10,3,linear,33,preset_default,13,0.0023634000099264085,0,12,3,9,ideal,0.029871100006857887,0.9999865887750645,1.0
ghz,10,3,linear,33,preset_default,13,0.0023634000099264085,0,12,3,9,noisy,0.03877919999649748,0.7678166569480508,0.767822265625
ghz,10,3,grid,11,preset_default,13,0.0024298999924212694,0,12,3,9,ideal,0.03135499998461455,0.9999899267135619,1.0
ghz,10,3,grid,11,preset_default,13,0.0024298999924212694,0,12,3,9,noisy,0.038196400011656806,0.7685527486400817,0.7685546875
ghz,10,3,grid,22,preset_default,13,0.002152500004740432,0,12,3,9,ideal,0.0296022999973502,0.9998509661769812,1.0
ghz,10,3,grid,22,preset_default,13,0.002152500004740432,0,12,3,9,noisy,0.03975460000219755,0.7628803665177288,0.762939453125
ghz,10,3,grid,33,preset_default,13,0.0021188000100664794,0,12,3,9,ideal,0.0300308000005316,0.9999865887750645,1.0
ghz,10,3,grid,33,preset_default,13,0.0021188000100664794,0,12,3,9,noisy,0.039424799993867055,0.7675718350659427,0.767578125
ghz,10,3,heavy_hex,11,preset_default,13,0.0030132000101730227,0,12,3,9,ideal,0.030702599993674085,0.9999899267135619,1.0
ghz,10,3,heavy_hex,11,preset_default,13,0.0030132000101730227,0,12,3,9,noisy,0.03709300002083182,0.7685527486400817,0.7685546875
ghz,10,3,heavy_hex,22,preset_default,13,0.0021511999948415905,0,12,3,9,ideal,0.03029149997746572,0.9998509661769812,1.0
ghz,10,3,heavy_hex,22,preset_default,13,0.0021511999948415905,0,12,3,9,noisy,0.04210320001584478,0.7628759908148713,0.762939453125
ghz,10,3,heavy_hex,33,preset_default,13,0.00262389998533763,0,12,3,9,ideal,0.031220700009725988,0.9999865887750645,1.0
ghz,10,3,heavy_hex,33,preset_default,13,0.00262389998533763,0,12,3,9,noisy,0.04412380000576377,0.7680586458211448,0.76806640625
qft,5,0,linear,11,preset_default,81,0.0022305999882519245,30,116,60,56,ideal,0.016291200008708984,1.0,1.0
qft,5,0,linear,11,preset_default,81,0.0022305999882519245,30,116,60,56,noisy,0.019130099972244352,0.5954589843750017,0.595458984375
qft,5,0,linear,22,preset_default,73,0.0016110000142361969,27,113,60,53,ideal,0.016577200003666803,1.0,1.0
qft,5,0,linear,22,preset_default,73,0.0016110000142361969,27,113,60,53,noisy,0.018883500015363097,0.5986328125000018,0.5986328125
qft,5,0,linear,33,preset_default,79,0.0019400999881327152,30,116,60,56,ideal,0.01603259998955764,1.0,1.0
qft,5,0,linear,33,preset_default,79,0.0019400999881327152,30,116,60,56,noisy,0.01861499997903593,0.6015625000000019,0.6015625
qft,5,0,grid,11,preset_default,59,0.0015989999810699373,18,104,60,44,ideal,0.015378599986433983,1.0,1.0
qft,5,0,grid,11,preset_default,59,0.0015989999810699373,18,104,60,44,noisy,0.019838800013531,0.6606445312500017,0.66064453125
qft,5,0,grid,22,preset_default,73,0.0016825000056996942,21,107,60,47,ideal,0.016452799987746403,1.0,1.0
qft,5,0,grid,22,preset_default,73,0.0016825000056996942,21,107,60,47,noisy,0.017704100027913228,0.6240234375000014,0.6240234375
qft,5,0,grid,33,preset_default,59,0.0015681999793741852,15,101,60,41,ideal,0.015447999991010875,1.0,1.0
qft,5,0,grid,33,preset_default,59,0.0015681999793741852,15,101,60,41,noisy,0.020466299989493564,0.6757812500000018,0.67578125
qft,5,0,heavy_hex,11,preset_default,74,0.0018573999986983836,45,131,60,71,ideal,0.01642349999747239,1.0,1.0
qft,5,0,heavy_hex,11,preset_default,74,0.0018573999986983836,45,131,60,71,noisy,0.062121599999954924,0.5637207031250017,0.563720703125
qft,5,0,heavy_hex,22,preset_default,94,0.0018966000061482191,63,149,60,89,ideal,0.018808199994964525,1.0,1.0
qft,5,0,heavy_hex,22,preset_default,94,0.0018966000061482191,63,149,60,89,noisy,0.2679204000160098,0.5009765625000019,0.5009765625
qft,5,0,heavy_hex,33,preset_default,77,0.0020080000103916973,48,134,60,74,ideal,0.017372599977534264,1.0,1.0
qft,5,0,heavy_hex,33,preset_default,77,0.0020080000103916973,48,134,60,74,noisy,0.2510634000063874,0.5690917968750019,0.569091796875
qft,5,1,linear,11,preset_default,56,0.003331000014441088,24,99,49,50,ideal,0.01683680000132881,1.0,1.0
qft,5,1,linear,11,preset_default,56,0.003331000014441088,24,99,49,50,noisy,0.017264800000702962,0.623291015625002,0.623291015625
qft,5,1,linear,22,preset_default,56,0.002800799993565306,24,99,49,50,ideal,0.015707500017015263,1.0,1.0
qft,5,1,linear,22,preset_default,56,0.002800799993565306,24,99,49,50,noisy,0.017464700009441003,0.6113281250000018,0.611328125
qft,5,1,linear,33,preset_default,56,0.0024249999842140824,24,99,49,50,ideal,0.015633400005754083,1.0,1.0
qft,5,1,linear,33,preset_default,56,0.0024249999842140824,24,99,49,50,noisy,0.017644900013692677,0.6328125000000019,0.6328125
qft,5,1,grid,11,preset_default,53,0.0023518999805673957,12,86,48,38,ideal,0.016022600000724196,1.0,1.0
qft,5,1,grid,11,preset_default,53,0.0023518999805673957,12,86,48,38,noisy,0.018993500008946285,0.6894531250000018,0.689453125
qft,5,1,grid,22,preset_default,46,0.002547599986428395,12,86,48,38,ideal,0.015963600017130375,1.0,1.0
qft,5,1,grid,22,preset_default,46,0.002547599986428395,12,86,48,38,noisy,0.017470799997681752,0.6716308593750016,0.671630859375
qft,5,1,grid,33,preset_default,51,0.002205700002377853,12,86,48,38,ideal,0.01600160001544282,1.0,1.0
qft,5,1,grid,33,preset_default,51,0.002205700002377853,12,86,48,38,noisy,0.020095600018976256,0.6914062500000017,0.69140625
qft,5,1,heavy_hex,11,preset_default,59,0.004048500006319955,15,90,49,41,ideal,0.01585009999689646,1.0,1.0
qft,5,1,heavy_hex,11,preset_default,59,0.004048500006319955,15,90,49,41,noisy,0.016633099992759526,0.6723632812500017,0.67236328125
qft,5,1,heavy_hex,22,preset_default,54,0.002903499989770353,12,88,50,38,ideal,0.015675000002374873,1.0,1.0
qft,5,1,heavy_hex,22,preset_default,54,0.002903499989770353,12,88,50,38,noisy,0.016944400005741045,0.6721191406250017,0.672119140625
qft,5,1,heavy_hex,33,preset_default,54,0.002812699996866286,12,88,50,38,ideal,0.01511080001364462,1.0,1.0
qft,5,1,heavy_hex,33,preset_default,54,0.002812699996866286,12,88,50,38,noisy,0.01782939999247901,0.6835937500000018,0.68359375
qft,5,2,linear,11,preset_default,53,0.004488199978368357,4,100,70,30,ideal,0.01652880001347512,1.0,1.0
qft,5,2,linear,11,preset_default,53,0.004488199978368357,4,100,70,30,noisy,0.015995099995052442,0.7224121093750014,0.722412109375
qft,5,2,linear,22,preset_default,53,0.0030270999995991588,4,100,70,30,ideal,0.016349999990779907,1.0,1.0
qft,5,2,linear,22,preset_default,53,0.0030270999995991588,4,100,70,30,noisy,0.017191699997056276,0.7065429687500017,0.70654296875
qft,5,2,linear,33,preset_default,53,0.0031172999879345298,4,100,70,30,ideal,0.016630700003588572,1.0,1.0
qft,5,2,linear,33,preset_default,53,0.0031172999879345298,4,100,70,30,noisy,0.01705049999873154,0.7180175781250017,0.718017578125
qft,5,2,grid,11,preset_default,51,0.00333949999185279,4,81,51,30,ideal,0.017166099976748228,1.0,1.0
qft,5,2,grid,11,preset_default,51,0.00333949999185279,4,81,51,30,noisy,0.017444700002670288,0.7260742187500019,0.72607421875
qft,5,2,grid,22,preset_default,55,0.0033211999980267137,2,83,55,28,ideal,0.015534300007857382,1.0,1.0
qft,5,2,grid,22,preset_default,55,0.0033211999980267137,2,83,55,28,noisy,0.01748910002061166,0.7219238281250016,0.721923828125
qft,5,2,grid,33,preset_default,51,0.0029705999768339097,4,81,51,30,ideal,0.015758599998662248,1.0,1.0
qft,5,2,grid,33,preset_default,51,0.0029705999768339097,4,81,51,30,noisy,0.016627400007564574,0.7209472656250016,0.720947265625
qft,5,2,heavy_hex,11,preset_default,51,0.003675099986139685,2,87,59,28,ideal,0.016626099997665733,1.0,1.0
qft,5,2,heavy_hex,11,preset_default,51,0.003675099986139685,2,87,59,28,noisy,0.016144599998369813,0.7351074218750014,0.735107421875
qft,5,2,heavy_hex,22,preset_default,51,0.003657499997643754,2,87,59,28,ideal,0.0157240999978967,1.0,1.0
qft,5,2,heavy_hex,22,preset_default,51,0.003657499997643754,2,87,59,28,noisy,0.01596849999623373,0.7207031250000017,0.720703125
qft,5,2,heavy_hex,33,preset_default,50,0.003977700020186603,4,82,52,30,ideal,0.01610949999303557,1.0,1.0
qft,5,2,heavy_hex,33,preset_default,50,0.003977700020186603,4,82,52,30,noisy,0.02279430002090521,0.7216796875000017,0.7216796875
qft,5,3,linear,11,preset_default,53,0.0033666000235825777,4,100,70,30,ideal,0.016359600005671382,1.0,1.0
qft,5,3,linear,11,preset_default,53,0.0033666000235825777,4,100,70,30,noisy,0.017573899996932596,0.7224121093750014,0.722412109375
qft,5,3,linear,22,preset_default,53,0.0036780000082217157,4,100,70,30,ideal,0.016197699995245785,1.0,1.0
qft,5,3,linear,22,preset_default,53,0.0036780000082217157,4,100,70,30,noisy,0.017112200002884492,0.7065429687500017,0.70654296875
qft,5,3,linear,33,preset_default,53,0.0036810000019613653,4,100,70,30,ideal,0.01637050000135787,1.0,1.0
qft,5,3,linear,33,preset_default,53,0.0036810000019613653,4,100,70,30,noisy,0.01665309999953024,0.7180175781250017,0.718017578125
qft,5,3,grid,11,preset_default,51,0.003228300018236041,4,81,51,30,ideal,0.016095700004370883,1.0,1.0
qft,5,3,grid,11,preset_default,51,0.003228300018236041,4,81,51,30,noisy,0.015622300008544698,0.7260742187500019,0.72607421875
qft,5,3,grid,22,preset_default,47,0.00320019997889176,6,78,46,32,ideal,0.015667600004235283,1.0,1.0
qft,5,3,grid,22,preset_default,47,0.00320019997889176,6,78,46,32,noisy,0.016652899998007342,0.7033691406250017,0.703369140625
qft,5,3,grid,33,preset_default,50,0.0032831999997142702,3,73,44,29,ideal,0.015881900006206706,1.0,1.0
qft,5,3,grid,33,preset_default,50,0.0032831999997142702,3,73,44,29,noisy,0.018711999990046024,0.7331542968750016,0.733154296875
qft,5,3,heavy_hex,11,preset_default,50,0.00376920000417158,4,82,52,30,ideal,0.01616560001275502,1.0,1.0
qft,5,3,heavy_hex,11,preset_default,50,0.00376920000417158,4,82,52,30,noisy,0.015894099982688203,0.7250976562500016,0.72509765625
qft,5,3,heavy_hex,22,preset_default,51,0.00405220000538975,2,87,59,28,ideal,0.01609330001519993,1.0,1.0
qft,5,3,heavy_hex,22,preset_default,51,0.00405220000538975,2,87,59,28,noisy,0.0166089000122156,0.7207031250000017,0.720703125
qft,5,3,heavy_hex,33,preset_default,50,0.004555299994535744,4,82,52,30,ideal,0.016062900016549975,1.0,1.0
qft,5,3,heavy_hex,33,preset_default,50,0.004555299994535744,4,82,52,30,noisy,0.01644889998715371,0.7216796875000017,0.7216796875
qft,8,0,linear,11,preset_default,169,0.0020902999967802316,117,317,132,185,ideal,0.022163899993756786,1.0,1.0
qft,8,0,linear,11,preset_default,169,0.0020902999967802316,117,317,132,185,noisy,0.03767449999577366,0.22729492187500927,0.227294921875
qft,8,0,linear,22,preset_default,163,0.001959699991857633,117,317,132,185,ideal,0.021221599978161976,1.0,1.0
qft,8,0,linear,22,preset_default,163,0.001959699991857633,117,317,132,185,noisy,0.03735159998177551,0.22045898437500894,0.220458984375
qft,8,0,linear,33,preset_default,146,0.0022146999835968018,114,314,132,182,ideal,0.021104999992530793,1.0,1.0
qft,8,0,linear,33,preset_default,146,0.0022146999835968018,114,314,132,182,noisy,0.03472560000955127,0.226562500000009,0.2265625
qft,8,0,grid,11,preset_default,129,0.0019294999947305769,72,272,132,140,ideal,0.020772599993506446,1.0,1.0
qft,8,0,grid,11,preset_default,129,0.0019294999947305769,72,272,132,140,noisy,0.03910980001091957,0.3059082031250103,0.305908203125
qft,8,0,grid,22,preset_default,143,0.0020586999889928848,75,275,132,143,ideal,0.020821599988266826,1.0,1.0
qft,8,0,grid,22,preset_default,143,0.0020586999889928848,75,275,132,143,noisy,0.03293739998480305,0.2968750000000099,0.296875
qft,8,0,grid,33,preset_default,145,0.002302199980476871,78,278,132,146,ideal,0.019491000013658777,1.0,1.0
qft,8,0,grid,33,preset_default,145,0.002302199980476871,78,278,132,146,noisy,0.03629619997809641,0.29760742187500955,0.297607421875
qft,8,0,heavy_hex,11,preset_default,174,0.005729099997552112,150,350,132,218,ideal,0.027372999989893287,1.0,1.0
qft,8,0,heavy_hex,11,preset_default,174,0.005729099997552112,150,350,132,218,noisy,8.793141000001924,0.19897460937500977,0.198974609375
qft,8,0,heavy_hex,22,preset_default,171,0.0019459000031929463,132,332,132,200,ideal,0.020968500000890344,1.0,1.0
qft,8,0,heavy_hex,22,preset_default,171,0.0019459000031929463,132,332,132,200,noisy,8.78594920001342,0.2187500000000095,0.21875
qft,8,0,heavy_hex,33,preset_default,192,0.0017349000263493508,141,341,132,209,ideal,0.020925299992086366,1.0,1.0
qft,8,0,heavy_hex,33,preset_default,192,0.0017349000263493508,141,341,132,209,noisy,15.514737299992703,0.19873046875000847,0.19873046875
qft,8,1,linear,11,preset_default,124,0.003958999994210899,102,288,118,170,ideal,0.026903099991614,1.0,1.0
qft,8,1,linear,11,preset_default,124,0.003958999994210899,102,288,118,170,noisy,0.06168700000853278,0.25390625000000905,0.25390625
qft,8,1,linear,22,preset_default,140,0.0045593999966513366,102,288,118,170,ideal,0.018673300015507266,1.0,1.0
qft,8,1,linear,22,preset_default,140,0.0045593999966513366,102,288,118,170,noisy,0.046931999997468665,0.2431640625000093,0.2431640625
qft,8,1,linear,33,preset_default,124,0.004371999995782971,102,288,118,170,ideal,0.020595000009052455,1.0,1.0
qft,8,1,linear,33,preset_default,124,0.004371999995782971,102,288,118,170,noisy,0.04950150000513531,0.24780273437500855,0.247802734375
qft,8,1,grid,11,preset_default,103,0.004128100001253188,42,226,116,110,ideal,0.01881769997999072,1.0,1.0
qft,8,1,grid,11,preset_default,103,0.004128100001253188,42,226,116,110,noisy,0.042667900008382276,0.3750000000000097,0.375
qft,8,1,grid,22,preset_default,105,0.003857700008666143,42,226,116,110,ideal,0.016203500010306016,1.0,1.0
qft,8,1,grid,22,preset_default,105,0.003857700008666143,42,226,116,110,noisy,0.04431309999199584,0.3759765625000096,0.3759765625
qft,8,1,grid,33,preset_default,110,0.004258800006937236,45,230,117,113,ideal,0.017918099998496473,1.0,1.0
qft,8,1,grid,33,preset_default,110,0.004258800006937236,45,230,117,113,noisy,0.04453380001359619,0.3718261718750093,0.371826171875
qft,8,1,heavy_hex,11,preset_default,154,0.004612099990481511,84,270,118,152,ideal,0.017901399987749755,1.0,1.0
qft,8,1,heavy_hex,11,preset_default,154,0.004612099990481511,84,270,118,152,noisy,0.04796500000520609,0.2849121093750098,0.284912109375
qft,8,1,heavy_hex,22,preset_default,135,0.004825299984076992,72,257,117,140,ideal,0.017806999996537343,1.0,1.0
qft,8,1,heavy_hex,22,preset_default,135,0.004825299984076992,72,257,117,140,noisy,0.045828199974494055,0.3029785156250089,0.302978515625
qft,8,1,heavy_hex,33,preset_default,131,0.004588000010699034,78,265,119,146,ideal,0.017781599977752194,1.0,1.0
qft,8,1,heavy_hex,33,preset_default,131,0.004588000010699034,78,265,119,146,noisy,0.04844600000069477,0.29882812500000955,0.298828125
qft,8,2,linear,11,preset_default,98,0.00638279999839142,25,281,188,93,ideal,0.02150249999249354,1.0,1.0
qft,8,2,linear,11,preset_default,98,0.00638279999839142,25,281,188,93,noisy,0.04834639999899082,0.41601562500000994,0.416015625
qft,8,2,linear,22,preset_default,99,0.006621400010772049,21,299,210,89,ideal,0.019809899997198954,1.0,1.0
qft,8,2,linear,22,preset_default,99,0.006621400010772049,21,299,210,89,noisy,0.05020880000665784,0.42041015625001005,0.42041015625
qft,8,2,linear,33,preset_default,100,0.006426700012525544,29,275,178,97,ideal,0.019517900014761835,1.0,1.0
qft,8,2,linear,33,preset_default,100,0.006426700012525544,29,275,178,97,noisy,0.04352349997498095,0.41113281250001016,0.4111328125
qft,8,2,grid,11,preset_default,107,0.005913300003157929,18,209,123,86,ideal,0.01737639997736551,1.0,1.0
qft,8,2,grid,11,preset_default,107,0.005913300003157929,18,209,123,86,noisy,0.04307499999413267,0.4467773437500101,0.44677734375
qft,8,2,grid,22,preset_default,81,0.005850800022017211,2,240,170,70,ideal,0.017153099994175136,1.0,1.0
qft,8,2,grid,22,preset_default,81,0.005850800022017211,2,240,170,70,noisy,0.04173500000615604,0.4858398437500093,0.48583984375
qft,8,2,grid,33,preset_default,81,0.006346499983919784,2,240,170,70,ideal,0.01947860000655055,1.0,1.0
qft,8,2,grid,33,preset_default,81,0.006346499983919784,2,240,170,70,noisy,0.039598100003786385,0.5063476562500097,0.50634765625
qft,8,2,heavy_hex,11,preset_default,106,0.00665690001915209,20,257,169,88,ideal,0.019780100003117695,1.0,1.0
qft,8,2,heavy_hex,11,preset_default,106,0.00665690001915209,20,257,169,88,noisy,0.04352250002557412,0.43505859375000955,0.43505859375
qft,8,2,heavy_hex,22,preset_default,103,0.006608200026676059,20,247,159,88,ideal,0.01745920002576895,1.0,1.0
qft,8,2,heavy_hex,22,preset_default,103,0.006608200026676059,20,247,159,88,noisy,0.0434774000023026,0.4309082031250093,0.430908203125
qft,8,2,heavy_hex,33,preset_default,111,0.006693800009088591,21,238,149,89,ideal,0.019747799990000203,1.0,1.0
qft,8,2,heavy_hex,33,preset_default,111,0.006693800009088591,21,238,149,89,noisy,0.04250109998974949,0.4409179687500103,0.44091796875
qft,8,3,linear,11,preset_default,98,0.006400699989171699,25,281,188,93,ideal,0.019307700014906004,1.0,1.0
qft,8,3,linear,11,preset_default,98,0.006400699989171699,25,281,188,93,noisy,0.04812849999871105,0.41601562500000994,0.416015625
qft,8,3,linear,22,preset_default,94,0.00680950001697056,25,270,177,93,ideal,0.020815399999264628,1.0,1.0
qft,8,3,linear,22,preset_default,94,0.00680950001697056,25,270,177,93,noisy,0.04725569998845458,0.4104003906250098,0.410400390625
qft,8,3,linear,33,preset_default,100,0.0066491999896243215,29,275,178,97,ideal,0.022137099993415177,1.0,1.0
qft,8,3,linear,33,preset_default,100,0.0066491999896243215,29,275,178,97,noisy,0.043327399995177984,0.41113281250001016,0.4111328125
qft,8,3,grid,11,preset_default,84,0.006611599994357675,2,247,177,70,ideal,0.020534200011752546,1.0,1.0
qft,8,3,grid,11,preset_default,84,0.006611599994357675,2,247,177,70,noisy,0.041943299991544336,0.4929199218750093,0.492919921875
qft,8,3,grid,22,preset_default,81,0.006366999994497746,2,240,170,70,ideal,0.01805349998176098,1.0,1.0
qft,8,3,grid,22,preset_default,81,0.006366999994497746,2,240,170,70,noisy,0.04153849999420345,0.4858398437500093,0.48583984375
qft,8,3,grid,33,preset_default,81,0.007078700000420213,2,240,170,70,ideal,0.021205099998041987,1.0,1.0
qft,8,3,grid,33,preset_default,81,0.007078700000420213,2,240,170,70,noisy,0.0400863999966532,0.5063476562500097,0.50634765625
qft,8,3,heavy_hex,11,preset_default,124,0.007550000009359792,38,238,132,106,ideal,0.018369199999142438,1.0,1.0
qft,8,3,heavy_hex,11,preset_default,124,0.007550000009359792,38,238,132,106,noisy,0.04856349999317899,0.3867187500000095,0.38671875
qft,8,3,heavy_hex,22,preset_default,109,0.0071087999967858195,24,217,125,92,ideal,0.01724129999638535,1.0,1.0
qft,8,3,heavy_hex,22,preset_default,109,0.0071087999967858195,24,217,125,92,noisy,0.042485900019528344,0.4233398437500093,0.42333984375
qft,8,3,heavy_hex,33,preset_default,111,0.007026399980532005,21,238,149,89,ideal,0.017818799999076873,1.0,1.0
qft,8,3,heavy_hex,33,preset_default,111,0.007026399980532005,21,238,149,89,noisy,0.0465803999977652,0.4409179687500103,0.44091796875
qft,10,0,linear,11,preset_default,200,0.003525200008880347,195,495,195,300,ideal,0.02931340000941418,1.0,1.0
qft,10,0,linear,11,preset_default,200,0.003525200008880347,195,495,195,300,noisy,0.2965752999880351,0.10180664062501811,0.101806640625
qft,10,0,linear,22,preset_default,229,0.00312759997905232,213,513,195,318,ideal,0.02603330000420101,1.0,1.0
qft,10,0,linear,22,preset_default,229,0.00312759997905232,213,513,195,318,noisy,0.34304060001159087,0.08154296875001532,0.08154296875
qft,10,0,linear,33,preset_default,217,0.0029494999907910824,198,498,195,303,ideal,0.024631100008264184,1.0,1.0
qft,10,0,linear,33,preset_default,217,0.0029494999907910824,198,498,195,303,noisy,0.279779000004055,0.10058593750001826,0.1005859375
qft,10,0,grid,11,preset_default,194,0.0024080000002868474,141,441,195,246,ideal,0.023126899992348626,1.0,1.0
qft,10,0,grid,11,preset_default,194,0.0024080000002868474,141,441,195,246,noisy,0.18290369998430833,0.14575195312502198,0.145751953125
qft,10,0,grid,22,preset_default,200,0.002055999997537583,138,438,195,243,ideal,0.02109950000885874,1.0,1.0
qft,10,0,grid,22,preset_default,200,0.002055999997537583,138,438,195,243,noisy,0.15581899997778237,0.14013671875001993,0.14013671875
qft,10,0,grid,33,preset_default,179,0.0026276999851688743,120,420,195,225,ideal,0.02192480000667274,1.0,1.0
qft,10,0,grid,33,preset_default,179,0.0026276999851688743,120,420,195,225,noisy,0.15767310000956059,0.16723632812502215,0.167236328125
qft,10,0,heavy_hex,11,preset_default,264,0.0026489000010769814,264,564,195,369,ideal,0.046352699981071055,1.0,1.0
qft,10,0,heavy_hex,11,preset_default,264,0.0026489000010769814,264,564,195,369,noisy,250.84680020000087,0.07470703125001701,0.07470703125
qft,10,0,heavy_hex,22,preset_default,232,0.0032094000198412687,288,588,195,393,ideal,0.0770143999834545,1.0,1.0
qft,10,0,heavy_hex,22,preset_default,232,0.0032094000198412687,288,588,195,393,noisy,264.41657179998583,0.06909179687501635,0.069091796875
qft,10,0,heavy_hex,33,preset_default,238,0.0037518999888561666,234,534,195,339,ideal,0.05228839998017065,1.0,1.0
qft,10,0,heavy_hex,33,preset_default,238,0.0037518999888561666,234,534,195,339,noisy,124.31460839998908,0.08422851562501778,0.084228515625
qft,10,1,linear,11,preset_default,172,0.004538000008324161,177,461,179,282,ideal,0.02552359999390319,1.0,1.0
qft,10,1,linear,11,preset_default,172,0.004538000008324161,177,461,179,282,noisy,0.27520689999801107,0.11132812500001853,0.111328125
qft,10,1,linear,22,preset_default,174,0.004995700001018122,180,465,180,285,ideal,0.027589699981035665,1.0,1.0
qft,10,1,linear,22,preset_default,174,0.004995700001018122,180,465,180,285,noisy,0.4145820000267122,0.10620117187501779,0.106201171875
qft,10,1,linear,33,preset_default,172,0.004469499981496483,174,458,179,279,ideal,0.024202700005844235,1.0,1.0
qft,10,1,linear,33,preset_default,172,0.004469499981496483,174,458,179,279,noisy,0.2896918999904301,0.11596679687501911,0.115966796875
qft,10,1,grid,11,preset_default,112,0.004304899979615584,84,362,173,189,ideal,0.021969699999317527,1.0,1.0
qft,10,1,grid,11,preset_default,112,0.004304899979615584,84,362,173,189,noisy,0.2814891999878455,0.2160644531250223,0.216064453125
qft,10,1,grid,22,preset_default,176,0.004277000000001863,90,370,175,195,ideal,0.024598299991339445,1.0,1.0
qft,10,1,grid,22,preset_default,176,0.004277000000001863,90,370,175,195,noisy,0.26697220001369715,0.19580078125002073,0.19580078125
qft,10,1,grid,33,preset_default,147,0.004366900015156716,87,367,175,192,ideal,0.023120099998777732,1.0,1.0
qft,10,1,grid,33,preset_default,147,0.004366900015156716,87,367,175,192,noisy,0.3099649999930989,0.20605468750002115,0.2060546875
qft,10,1,heavy_hex,11,preset_default,182,0.004948699992382899,141,423,177,246,ideal,0.03199699998367578,1.0,1.0
qft,10,1,heavy_hex,11,preset_default,182,0.004948699992382899,141,423,177,246,noisy,7.077599600015674,0.13134765625001865,0.13134765625
qft,10,1,heavy_hex,22,preset_default,193,0.005515299999387935,135,419,179,240,ideal,0.0250141000142321,1.0,1.0
qft,10,1,heavy_hex,22,preset_default,193,0.005515299999387935,135,419,179,240,noisy,0.3089205000142101,0.14526367187501982,0.145263671875
qft,10,1,heavy_hex,33,preset_default,172,0.00497229999746196,129,412,178,234,ideal,0.025504699995508417,1.0,1.0
qft,10,1,heavy_hex,33,preset_default,172,0.00497229999746196,129,412,178,234,noisy,1.1706878999830224,0.1562500000000208,0.15625
qft,10,2,linear,11,preset_default,125,0.007689100020797923,48,442,289,153,ideal,0.024096300010569394,1.0,1.0
qft,10,2,linear,11,preset_default,125,0.007689100020797923,48,442,289,153,noisy,0.4295941999880597,0.2651367187500257,0.26513671875
qft,10,2,linear,22,preset_default,126,0.007069799990858883,44,460,311,149,ideal,0.024085500015644357,1.0,1.0
qft,10,2,linear,22,preset_default,126,0.007069799990858883,44,460,311,149,noisy,0.30898630002047867,0.2612304687500255,0.26123046875
qft,10,2,linear,33,preset_default,129,0.0071730999916326255,50,444,289,155,ideal,0.027017799991881475,1.0,1.0
qft,10,2,linear,33,preset_default,129,0.0071730999916326255,50,444,289,155,noisy,0.3453192000160925,0.2558593750000243,0.255859375
qft,10,2,grid,11,preset_default,108,0.007035100017674267,9,388,274,114,ideal,0.025615799997467548,1.0,1.0
qft,10,2,grid,11,preset_default,108,0.007035100017674267,9,388,274,114,noisy,0.17915119999088347,0.3432617187500258,0.34326171875
qft,10,2,grid,22,preset_default,111,0.006696700002066791,7,392,280,112,ideal,0.02640070000779815,1.0,1.0
qft,10,2,grid,22,preset_default,111,0.006696700002066791,7,392,280,112,noisy,0.19351909999386407,0.3422851562500238,0.34228515625
qft,10,2,grid,33,preset_default,114,0.007104399992385879,8,400,287,113,ideal,0.024093500018352643,1.0,1.0
qft,10,2,grid,33,preset_default,114,0.007104399992385879,8,400,287,113,noisy,0.17822820000583306,0.33569335937502354,0.335693359375
qft,10,2,heavy_hex,11,preset_default,153,0.007972099992912263,45,420,270,150,ideal,0.02742020000005141,1.0,1.0
qft,10,2,heavy_hex,11,preset_default,153,0.007972099992912263,45,420,270,150,noisy,0.2808011000161059,0.2700195312500257,0.27001953125
qft,10,2,heavy_hex,22,preset_default,164,0.007937499991385266,55,413,253,160,ideal,0.026505499990889803,1.0,1.0
qft,10,2,heavy_hex,22,preset_default,164,0.007937499991385266,55,413,253,160,noisy,0.24774469999829307,0.2434082031250234,0.243408203125
qft,10,2,heavy_hex,33,preset_default,158,0.007310299988603219,46,402,251,151,ideal,0.02513840000028722,1.0,1.0
qft,10,2,heavy_hex,33,preset_default,158,0.007310299988603219,46,402,251,151,noisy,0.24697500001639128,0.2678222656250268,0.267822265625
qft,10,3,linear,11,preset_default,125,0.007364299992332235,48,442,289,153,ideal,0.02731919998768717,1.0,1.0
qft,10,3,linear,11,preset_default,125,0.007364299992332235,48,442,289,153,noisy,0.21915200000512414,0.2651367187500257,0.26513671875
qft,10,3,linear,22,preset_default,126,0.007608400017488748,44,460,311,149,ideal,0.026957199996104464,1.0,1.0
qft,10,3,linear,22,preset_default,126,0.007608400017488748,44,460,311,149,noisy,0.30239980001351796,0.2612304687500255,0.26123046875
qft,10,3,linear,33,preset_default,144,0.007422100024996325,41,511,365,146,ideal,0.026589399989461526,1.0,1.0
qft,10,3,linear,33,preset_default,144,0.007422100024996325,41,511,365,146,noisy,0.2952660000009928,0.2678222656250252,0.267822265625
qft,10,3,grid,11,preset_default,108,0.007406300021102652,9,388,274,114,ideal,0.024934199987910688,1.0,1.0
qft,10,3,grid,11,preset_default,108,0.007406300021102652,9,388,274,114,noisy,0.18139110002084635,0.3432617187500258,0.34326171875
qft,10,3,grid,22,preset_default,111,0.0070525000046473,7,392,280,112,ideal,0.02582420001272112,1.0,1.0
qft,10,3,grid,22,preset_default,111,0.0070525000046473,7,392,280,112,noisy,0.1852550999901723,0.3422851562500238,0.34228515625
qft,10,3,grid,33,preset_default,111,0.006965200009290129,7,392,280,112,ideal,0.03186679998179898,1.0,1.0
qft,10,3,grid,33,preset_default,111,0.006965200009290129,7,392,280,112,noisy,0.2272932000050787,0.33959960937502215,0.339599609375
qft,10,3,heavy_hex,11,preset_default,157,0.008183700003428385,39,454,310,144,ideal,0.025152299989713356,1.0,1.0
qft,10,3,heavy_hex,11,preset_default,157,0.008183700003428385,39,454,310,144,noisy,0.252924999978859,0.27539062500002365,0.275390625
qft,10,3,heavy_hex,22,preset_default,155,0.008324399997945875,52,385,228,157,ideal,0.021966900007100776,1.0,1.0
qft,10,3,heavy_hex,22,preset_default,155,0.008324399997945875,52,385,228,157,noisy,0.3155430000042543,0.25048828125002337,0.25048828125
qft,10,3,heavy_hex,33,preset_default,155,0.013716499990550801,56,382,221,161,ideal,0.0261430999962613,1.0,1.0
qft,10,3,heavy_hex,33,preset_default,155,0.013716499990550801,56,382,221,161,noisy,0.2722469000145793,0.2487792968750236,0.248779296875
qaoa,5,0,linear,11,preset_default,32,0.00150680000660941,9,64,45,19,ideal,0.013675900001544505,0.9983935630767258,0.41259765625
qaoa,5,0,linear,11,preset_default,32,0.00150680000660941,9,64,45,19,noisy,0.019629100017482415,0.9882867767840005,0.38671875
qaoa,5,0,linear,22,preset_default,32,0.001734199991915375,9,64,45,19,ideal,0.01568730000872165,0.9977371199843869,0.412841796875
qaoa,5,0,linear,22,preset_default,32,0.001734199991915375,9,64,45,19,noisy,0.01900139998178929,0.9867140195097922,0.388671875
qaoa,5,0,linear,33,preset_default,43,0.001793800009181723,12,67,45,22,ideal,0.015542900015134364,0.9976410771717813,0.4150390625
qaoa,5,0,linear,33,preset_default,43,0.001793800009181723,12,67,45,22,noisy,0.019904900022083893,0.988559524485141,0.392578125
qaoa,5,0,grid,11,preset_default,29,0.0016196999931707978,6,61,45,16,ideal,0.01650520000839606,0.9982692417303651,0.415771484375
qaoa,5,0,grid,11,preset_default,29,0.0016196999931707978,6,61,45,16,noisy,0.02695609998772852,0.9909643558671846,0.384765625
qaoa,5,0,grid,22,preset_default,29,0.0015238999912980944,6,61,45,16,ideal,0.013353200018173084,0.9976378797516372,0.40576171875
qaoa,5,0,grid,22,preset_default,29,0.0015238999912980944,6,61,45,16,noisy,0.02701429999433458,0.9887304032049993,0.3837890625
qaoa,5,0,grid,33,preset_default,29,0.0016284000012092292,6,61,45,16,ideal,0.013465099997119978,0.9974619849129194,0.4189453125
qaoa,5,0,grid,33,preset_default,29,0.0016284000012092292,6,61,45,16,noisy,0.026629800006048754,0.9889289786721684,0.3955078125
qaoa,5,0,heavy_hex,11,preset_default,33,0.001875600020866841,30,85,45,40,ideal,0.015502599999308586,0.9981638696582003,0.43310546875
qaoa,5,0,heavy_hex,11,preset_default,33,0.001875600020866841,30,85,45,40,noisy,0.21516769999288954,0.9828030338453806,0.393798828125
qaoa,5,0,heavy_hex,22,preset_default,30,0.0020059999951627105,30,85,45,40,ideal,0.018316400004550815,0.9978259395483307,0.405517578125
qaoa,5,0,heavy_hex,22,preset_default,30,0.0020059999951627105,30,85,45,40,noisy,0.22204510000301525,0.9856606064635312,0.38330078125
qaoa,5,0,heavy_hex,33,preset_default,38,0.0020585999882314354,30,85,45,40,ideal,0.013646099978359416,0.9976410771717813,0.4150390625
qaoa,5,0,heavy_hex,33,preset_default,38,0.0020585999882314354,30,85,45,40,noisy,0.03449759999057278,0.9848222245118917,0.38232421875
qaoa,5,1,linear,11,preset_default,32,0.002924299973528832,9,64,45,19,ideal,0.012197700008982792,0.9984721469595723,0.4140625
qaoa,5,1,linear,11,preset_default,32,0.002924299973528832,9,64,45,19,noisy,0.019810800004051998,0.9888096746034102,0.38916015625
qaoa,5,1,linear,22,preset_default,32,0.0023437000054400414,9,64,45,19,ideal,0.015225699986331165,0.9977371199843869,0.412841796875
qaoa,5,1,linear,22,preset_default,32,0.0023437000054400414,9,64,45,19,noisy,0.019439600000623614,0.9880608619379907,0.3974609375
qaoa,5,1,linear,33,preset_default,32,0.002380599995376542,9,64,45,19,ideal,0.01686639999388717,0.9976419961281036,0.406494140625
qaoa,5,1,linear,33,preset_default,32,0.002380599995376542,9,64,45,19,noisy,0.01975850001326762,0.9879152998479397,0.380126953125
qaoa,5,1,grid,11,preset_default,24,0.0024720000219531357,3,58,45,13,ideal,0.012771200010320172,0.9983935630767258,0.41259765625
qaoa,5,1,grid,11,preset_default,24,0.0024720000219531357,3,58,45,13,noisy,0.01910509998560883,0.9911877295608967,0.396240234375
qaoa,5,1,grid,22,preset_default,24,0.002716600021813065,3,58,45,13,ideal,0.016359100001864135,0.9979579114167438,0.40283203125
qaoa,5,1,grid,22,preset_default,24,0.002716600021813065,3,58,45,13,noisy,0.021492499974556267,0.9906996037342827,0.3876953125
qaoa,5,1,grid,33,preset_default,29,0.002396500000031665,3,58,45,13,ideal,0.011168600001838058,0.9976419961281036,0.406494140625
qaoa,5,1,grid,33,preset_default,29,0.002396500000031665,3,58,45,13,noisy,0.01915440001175739,0.9919938756855271,0.387939453125
qaoa,5,1,heavy_hex,11,preset_default,32,0.0030078999989200383,9,64,45,19,ideal,0.015998100017895922,0.9983935630767258,0.41259765625
qaoa,5,1,heavy_hex,11,preset_default,32,0.0030078999989200383,9,64,45,19,noisy,0.018810100009432063,0.9864994914255065,0.384033203125
qaoa,5,1,heavy_hex,22,preset_default,32,0.0030809000018052757,6,61,45,16,ideal,0.017099799995776266,0.9977702496748623,0.398681640625
qaoa,5,1,heavy_hex,22,preset_default,32,0.0030809000018052757,6,61,45,16,noisy,0.026737899985164404,0.9872760970272039,0.3779296875
qaoa,5,1,heavy_hex,33,preset_default,32,0.0031411999952979386,6,61,45,16,ideal,0.013549099996453151,0.9974336635117963,0.423095703125
qaoa,5,1,heavy_hex,33,preset_default,32,0.0031411999952979386,6,61,45,16,noisy,0.026863700011745095,0.9905762076222432,0.404541015625
qaoa,5,2,linear,11,preset_default,31,0.003595999995013699,7,67,50,17,ideal,0.013741500006290153,0.9984721469595723,0.4140625
qaoa,5,2,linear,11,preset_default,31,0.003595999995013699,7,67,50,17,noisy,0.01940910000121221,0.989364680440364,0.390625
qaoa,5,2,linear,22,preset_default,31,0.0037283000128809363,7,66,49,17,ideal,0.015471799997612834,0.9977371199843869,0.412841796875
qaoa,5,2,linear,22,preset_default,31,0.0037283000128809363,7,66,49,17,noisy,0.019227199984015897,0.9890069021920314,0.39697265625
qaoa,5,2,linear,33,preset_default,31,0.0033221000048797578,7,67,50,17,ideal,0.014066800009459257,0.9976419961281036,0.406494140625
qaoa,5,2,linear,33,preset_default,31,0.0033221000048797578,7,67,50,17,noisy,0.01933210002607666,0.9884431999062532,0.381103515625
qaoa,5,2,grid,11,preset_default,24,0.0035448000126052648,3,58,45,13,ideal,0.012454899988370016,0.9983935630767258,0.41259765625
qaoa,5,2,grid,11,preset_default,24,0.0035448000126052648,3,58,45,13,noisy,0.01906240000971593,0.9911877295608967,0.396240234375
qaoa,5,2,grid,22,preset_default,24,0.0040831000078469515,3,57,44,13,ideal,0.014136800018604845,0.9979579114167438,0.40283203125
qaoa,5,2,grid,22,preset_default,24,0.0040831000078469515,3,57,44,13,noisy,0.02063719998113811,0.9906996037342827,0.3876953125
qaoa,5,2,grid,33,preset_default,29,0.0031703000131528825,3,58,45,13,ideal,0.013140099996235222,0.9976419961281036,0.406494140625
qaoa,5,2,grid,33,preset_default,29,0.0031703000131528825,3,58,45,13,noisy,0.0189912999921944,0.9919938756855271,0.387939453125
qaoa,5,2,heavy_hex,11,preset_default,32,0.004191699990769848,6,61,45,16,ideal,0.01399229999515228,0.9982574037331874,0.415283203125
qaoa,5,2,heavy_hex,11,preset_default,32,0.004191699990769848,6,61,45,16,noisy,0.026975199987646192,0.9900242067264434,0.39501953125
qaoa,5,2,heavy_hex,22,preset_default,32,0.0045455000072252005,6,60,44,16,ideal,0.01543990001664497,0.9977702496748623,0.398681640625
qaoa,5,2,heavy_hex,22,preset_default,32,0.0045455000072252005,6,60,44,16,noisy,0.01926250001997687,0.9872760970272039,0.3779296875
qaoa,5,2,heavy_hex,33,preset_default,32,0.004738999996334314,6,60,44,16,ideal,0.016818300005979836,0.9974336635117963,0.423095703125
qaoa,5,2,heavy_hex,33,preset_default,32,0.004738999996334314,6,60,44,16,noisy,0.0193513999984134,0.9905762076222432,0.404541015625
qaoa,5,3,linear,11,preset_default,31,0.004175000009126961,7,67,50,17,ideal,0.017340200021862984,0.9984721469595723,0.4140625
qaoa,5,3,linear,11,preset_default,31,0.004175000009126961,7,67,50,17,noisy,0.019560899992939085,0.989364680440364,0.390625
qaoa,5,3,linear,22,preset_default,31,0.0038286000199150294,7,66,49,17,ideal,0.014228799991542473,0.9977371199843869,0.412841796875
qaoa,5,3,linear,22,preset_default,31,0.0038286000199150294,7,66,49,17,noisy,0.019208099984098226,0.9890069021920314,0.39697265625
qaoa,5,3,linear,33,preset_default,31,0.0037376999971456826,7,67,50,17,ideal,0.012389499985147268,0.9976419961281036,0.406494140625
qaoa,5,3,linear,33,preset_default,31,0.0037376999971456826,7,67,50,17,noisy,0.020026000012876466,0.9884431999062532,0.381103515625
qaoa,5,3,grid,11,preset_default,24,0.0042215000139549375,3,58,45,13,ideal,0.014725999993970618,0.9983935630767258,0.41259765625
qaoa,5,3,grid,11,preset_default,24,0.0042215000139549375,3,58,45,13,noisy,0.018990699987625703,0.9911877295608967,0.396240234375
qaoa,5,3,grid,22,preset_default,24,0.0038884999812580645,3,57,44,13,ideal,0.013779400003841147,0.9979579114167438,0.40283203125
qaoa,5,3,grid,22,preset_default,24,0.0038884999812580645,3,57,44,13,noisy,0.020474999997531995,0.9906996037342827,0.3876953125
qaoa,5,3,grid,33,preset_default,29,0.004044400004204363,3,58,45,13,ideal,0.01654370001051575,0.9976419961281036,0.406494140625
qaoa,5,3,grid,33,preset_default,29,0.004044400004204363,3,58,45,13,noisy,0.019218200002796948,0.9919938756855271,0.387939453125
qaoa,5,3,heavy_hex,11,preset_default,32,0.005063600023277104,6,61,45,16,ideal,0.015614799980539829,0.9982574037331874,0.415283203125
qaoa,5,3,heavy_hex,11,preset_default,32,0.005063600023277104,6,61,45,16,noisy,0.02670580000267364,0.9900242067264434,0.39501953125
qaoa,5,3,heavy_hex,22,preset_default,32,0.004734800022561103,6,60,44,16,ideal,0.015594699973007664,0.9977702496748623,0.398681640625
qaoa,5,3,heavy_hex,22,preset_default,32,0.004734800022561103,6,60,44,16,noisy,0.019338199985213578,0.9872760970272039,0.3779296875
qaoa,5,3,heavy_hex,33,preset_default,32,0.0050688000046648085,6,60,44,16,ideal,0.015159400005359203,0.9974336635117963,0.423095703125
qaoa,5,3,heavy_hex,33,preset_default,32,0.0050688000046648085,6,60,44,16,noisy,0.019402600009925663,0.9905762076222432,0.404541015625
qaoa,8,0,linear,11,preset_default,41,0.001653599989367649,18,106,72,34,ideal,0.01807270001154393,0.9845219076696207,0.0361328125
qaoa,8,0,linear,11,preset_default,41,0.001653599989367649,18,106,72,34,noisy,0.031248799990862608,0.9560654836150652,0.026123046875
qaoa,8,0,linear,22,preset_default,44,0.0016619999951217324,21,109,72,37,ideal,0.017269900010433048,0.9809847996761922,0.0400390625
qaoa,8,0,linear,22,preset_default,44,0.0016619999951217324,21,109,72,37,noisy,0.03138229998876341,0.946990606491957,0.030029296875
qaoa,8,0,linear,33,preset_default,44,0.0016472999996040016,21,109,72,37,ideal,0.01858370000263676,0.9851841373220404,0.035400390625
qaoa,8,0,linear,33,preset_default,44,0.0016472999996040016,21,109,72,37,noisy,0.030964399978984147,0.9493984412006399,0.026123046875
qaoa,8,0,grid,11,preset_default,47,0.0015506000199820846,18,106,72,34,ideal,0.016520200006198138,0.9874391204870361,0.036865234375
qaoa,8,0,grid,11,preset_default,47,0.0015506000199820846,18,106,72,34,noisy,0.030185799987521023,0.9500949010052058,0.025390625
qaoa,8,0,grid,22,preset_default,52,0.0016952000150922686,18,106,72,34,ideal,0.015425799996592104,0.97949451049911,0.039794921875
qaoa,8,0,grid,22,preset_default,52,0.0016952000150922686,18,106,72,34,noisy,0.031075799983227625,0.9540341553394392,0.029541015625
qaoa,8,0,grid,33,preset_default,52,0.0015716000052634627,18,106,72,34,ideal,0.015770800004247576,0.9826747437977722,0.0380859375
qaoa,8,0,grid,33,preset_default,52,0.0015716000052634627,18,106,72,34,noisy,0.030560399987734854,0.9540051591587975,0.0263671875
qaoa,8,0,heavy_hex,11,preset_default,64,0.0019283000146970153,57,145,72,73,ideal,0.020604299992555752,0.9841490505200736,0.036865234375
qaoa,8,0,heavy_hex,11,preset_default,64,0.0019283000146970153,57,145,72,73,noisy,8.122642000002088,0.9299692173802383,0.02490234375
qaoa,8,0,heavy_hex,22,preset_default,58,0.0019874999998137355,54,142,72,70,ideal,0.0220934999815654,0.9798182863100547,0.04052734375
qaoa,8,0,heavy_hex,22,preset_default,58,0.0019874999998137355,54,142,72,70,noisy,15.014308799989522,0.9331374890604044,0.0224609375
qaoa,8,0,heavy_hex,33,preset_default,61,0.0018644000228960067,54,142,72,70,ideal,0.021133200003532693,0.9816445304576749,0.03369140625
qaoa,8,0,heavy_hex,33,preset_default,61,0.0018644000228960067,54,142,72,70,noisy,15.403639500000281,0.9354930060955345,0.023681640625
qaoa,8,1,linear,11,preset_default,50,0.0025934000150300562,21,109,72,37,ideal,0.015825599984964356,0.9840779802475392,0.0400390625
qaoa,8,1,linear,11,preset_default,50,0.0025934000150300562,21,109,72,37,noisy,0.03217750001931563,0.952919455329576,0.027099609375
qaoa,8,1,linear,22,preset_default,47,0.002820499998051673,21,109,72,37,ideal,0.020043500000610948,0.9819639515493542,0.037841796875
qaoa,8,1,linear,22,preset_default,47,0.002820499998051673,21,109,72,37,noisy,0.03023649999522604,0.9527390067193562,0.029052734375
qaoa,8,1,linear,33,preset_default,44,0.002739599993219599,21,109,72,37,ideal,0.015095299982931465,0.9832026022952337,0.03662109375
qaoa,8,1,linear,33,preset_default,44,0.002739599993219599,21,109,72,37,noisy,0.03221050000865944,0.9523608303636643,0.0263671875
qaoa,8,1,grid,11,preset_default,30,0.002115099981892854,0,88,72,16,ideal,0.014864099997794256,0.9867754073533344,0.040771484375
qaoa,8,1,grid,11,preset_default,30,0.002115099981892854,0,88,72,16,noisy,0.029363200010266155,0.9663284655120563,0.03369140625
qaoa,8,1,grid,22,preset_default,30,0.0020939999958500266,0,88,72,16,ideal,0.014742100000148639,0.9805367679968781,0.038330078125
qaoa,8,1,grid,22,preset_default,30,0.0020939999958500266,0,88,72,16,noisy,0.028558199992403388,0.9637107848432382,0.029541015625
qaoa,8,1,grid,33,preset_default,30,0.002038799982983619,0,88,72,16,ideal,0.015235099999699742,0.9840736678228097,0.037841796875
qaoa,8,1,grid,33,preset_default,30,0.002038799982983619,0,88,72,16,noisy,0.028354200010653585,0.9645791768979644,0.029052734375
qaoa,8,1,heavy_hex,11,preset_default,33,0.003824500017799437,6,94,72,22,ideal,0.01566199999069795,0.9829148345767131,0.04052734375
qaoa,8,1,heavy_hex,11,preset_default,33,0.003824500017799437,6,94,72,22,noisy,0.06131610000738874,0.9665901082480018,0.034423828125
qaoa,8,1,heavy_hex,22,preset_default,33,0.0034113999863620847,6,94,72,22,ideal,0.015122100012376904,0.9826567706234564,0.039794921875
qaoa,8,1,heavy_hex,22,preset_default,33,0.0034113999863620847,6,94,72,22,noisy,0.06127209999249317,0.9603069613244428,0.02734375
qaoa,8,1,heavy_hex,33,preset_default,33,0.0037237000069580972,6,94,72,22,ideal,0.018340000009629875,0.9810189006818444,0.034423828125
qaoa,8,1,heavy_hex,33,preset_default,33,0.0037237000069580972,6,94,72,22,noisy,0.06034140000701882,0.9626209473178438,0.0283203125
qaoa,8,2,linear,11,preset_default,46,0.003968699980759993,19,118,83,35,ideal,0.020140300010098144,0.9841966357394076,0.0341796875
qaoa,8,2,linear,11,preset_default,46,0.003968699980759993,19,118,83,35,noisy,0.03183399999397807,0.9484462487405244,0.021728515625
qaoa,8,2,linear,22,preset_default,46,0.003871299995807931,17,121,88,33,ideal,0.018023099983111024,0.9819639515493542,0.037841796875
qaoa,8,2,linear,22,preset_default,46,0.003871299995807931,17,121,88,33,noisy,0.031123699998715892,0.9523626191596801,0.030029296875
qaoa,8,2,linear,33,preset_default,43,0.00408469999092631,19,118,83,35,ideal,0.015579899976728484,0.9832026022952337,0.03662109375
qaoa,8,2,linear,33,preset_default,43,0.00408469999092631,19,118,83,35,noisy,0.03107509997789748,0.95397083382153,0.02685546875
qaoa,8,2,grid,11,preset_default,30,0.002972499991301447,0,87,71,16,ideal,0.015526300005149096,0.9867754073533344,0.040771484375
qaoa,8,2,grid,11,preset_default,30,0.002972499991301447,0,87,71,16,noisy,0.028198599989991635,0.9663284655120563,0.03369140625
qaoa,8,2,grid,22,preset_default,30,0.0030237000028137118,0,87,71,16,ideal,0.016773600014857948,0.9805367679968781,0.038330078125
qaoa,8,2,grid,22,preset_default,30,0.0030237000028137118,0,87,71,16,noisy,0.02830439998069778,0.9637107848432382,0.029541015625
qaoa,8,2,grid,33,preset_default,30,0.0032719000009819865,0,87,71,16,ideal,0.01642520001041703,0.9840736678228097,0.037841796875
qaoa,8,2,grid,33,preset_default,30,0.0032719000009819865,0,87,71,16,noisy,0.028027799999108538,0.9645791768979644,0.029052734375
qaoa,8,2,heavy_hex,11,preset_default,33,0.005166499991901219,6,93,71,22,ideal,0.014407799986656755,0.9823641328506068,0.038818359375
qaoa,8,2,heavy_hex,11,preset_default,33,0.005166499991901219,6,93,71,22,noisy,0.0607902999909129,0.963873364468167,0.02783203125
qaoa,8,2,heavy_hex,22,preset_default,33,0.005206200003158301,6,93,71,22,ideal,0.01708459999645129,0.9826567706234564,0.039794921875
qaoa,8,2,heavy_hex,22,preset_default,33,0.005206200003158301,6,93,71,22,noisy,0.061026399984257296,0.9581528351273196,0.028076171875
qaoa,8,2,heavy_hex,33,preset_default,36,0.005019299976993352,6,93,71,22,ideal,0.016884699987713248,0.9809842445300007,0.034423828125
qaoa,8,2,heavy_hex,33,preset_default,36,0.005019299976993352,6,93,71,22,noisy,0.06222429999615997,0.9568699452615497,0.02734375
qaoa,8,3,linear,11,preset_default,46,0.0047113999899011105,19,118,83,35,ideal,0.01624709999305196,0.9841966357394076,0.0341796875
qaoa,8,3,linear,11,preset_default,46,0.0047113999899011105,19,118,83,35,noisy,0.032030100002884865,0.9484462487405244,0.021728515625
qaoa,8,3,linear,22,preset_default,46,0.00440490001346916,17,121,88,33,ideal,0.0187809000199195,0.9819639515493542,0.037841796875
qaoa,8,3,linear,22,preset_default,46,0.00440490001346916,17,121,88,33,noisy,0.030420800001593307,0.9523626191596801,0.030029296875
qaoa,8,3,linear,33,preset_default,43,0.004523599985986948,19,118,83,35,ideal,0.018359399982728064,0.9832026022952337,0.03662109375
qaoa,8,3,linear,33,preset_default,43,0.004523599985986948,19,118,83,35,noisy,0.030943699995987117,0.95397083382153,0.02685546875
qaoa,8,3,grid,11,preset_default,30,0.0034293000062461942,0,87,71,16,ideal,0.015040400001453236,0.9867754073533344,0.040771484375
qaoa,8,3,grid,11,preset_default,30,0.0034293000062461942,0,87,71,16,noisy,0.028556699980981648,0.9663284655120563,0.03369140625
qaoa,8,3,grid,22,preset_default,30,0.003297500021290034,0,87,71,16,ideal,0.01648900000145659,0.9805367679968781,0.038330078125
qaoa,8,3,grid,22,preset_default,30,0.003297500021290034,0,87,71,16,noisy,0.028979099995922297,0.9637107848432382,0.029541015625
qaoa,8,3,grid,33,preset_default,30,0.0032903999963309616,0,87,71,16,ideal,0.017386899999110028,0.9840736678228097,0.037841796875
qaoa,8,3,grid,33,preset_default,30,0.0032903999963309616,0,87,71,16,noisy,0.028197500010719523,0.9645791768979644,0.029052734375
qaoa,8,3,heavy_hex,11,preset_default,33,0.0055705000122543424,6,93,71,22,ideal,0.016463000007206574,0.9823641328506068,0.038818359375
qaoa,8,3,heavy_hex,11,preset_default,33,0.0055705000122543424,6,93,71,22,noisy,0.06264079999527894,0.963873364468167,0.02783203125
qaoa,8,3,heavy_hex,22,preset_default,33,0.006151200010208413,6,93,71,22,ideal,0.01641889999154955,0.9826567706234564,0.039794921875
qaoa,8,3,heavy_hex,22,preset_default,33,0.006151200010208413,6,93,71,22,noisy,0.061370300012640655,0.9581528351273196,0.028076171875
qaoa,8,3,heavy_hex,33,preset_default,33,0.005938900023465976,6,93,71,22,ideal,0.01940279998234473,0.9817313079620302,0.039306640625
qaoa,8,3,heavy_hex,33,preset_default,33,0.005938900023465976,6,93,71,22,noisy,0.06349260002025403,0.964696373161861,0.03076171875
qaoa,10,0,linear,11,preset_default,47,0.0017488999874331057,24,134,90,44,ideal,0.01928040001075715,0.9184765107961946,0.012939453125
qaoa,10,0,linear,11,preset_default,47,0.0017488999874331057,24,134,90,44,noisy,0.09575060001225211,0.8892784938368824,0.0078125
qaoa,10,0,linear,22,preset_default,53,0.0017645999905653298,30,140,90,50,ideal,0.021469600003911182,0.9090258485201744,0.013671875
qaoa,10,0,linear,22,preset_default,53,0.0017645999905653298,30,140,90,50,noisy,0.10125919998972677,0.8774452834809955,0.009033203125
qaoa,10,0,linear,33,preset_default,56,0.0017859999788925052,33,143,90,53,ideal,0.019796499982476234,0.9175469455357217,0.012939453125
qaoa,10,0,linear,33,preset_default,56,0.0017859999788925052,33,143,90,53,noisy,0.1087081000150647,0.8888748946911109,0.00830078125
qaoa,10,0,grid,11,preset_default,53,0.001816600008169189,33,143,90,53,ideal,0.019518000015523285,0.9157065433780603,0.014892578125
qaoa,10,0,grid,11,preset_default,53,0.001816600008169189,33,143,90,53,noisy,0.11071440001251176,0.897774930362388,0.01123046875
qaoa,10,0,grid,22,preset_default,63,0.0018183000211138278,27,137,90,47,ideal,0.02156019999529235,0.9181189150146976,0.012939453125
qaoa,10,0,grid,22,preset_default,63,0.0018183000211138278,27,137,90,47,noisy,0.09818119998089969,0.8829447055928807,0.009033203125
qaoa,10,0,grid,33,preset_default,52,0.0017905000131577253,27,137,90,47,ideal,0.02230979999876581,0.9156241854549705,0.012939453125
qaoa,10,0,grid,33,preset_default,52,0.0017905000131577253,27,137,90,47,noisy,0.09898539999267086,0.8927677350575522,0.0087890625
qaoa,10,0,heavy_hex,11,preset_default,84,0.0020078000088687986,63,173,90,83,ideal,0.025732899986905977,0.9206943765991157,0.015380859375
qaoa,10,0,heavy_hex,11,preset_default,84,0.0020078000088687986,63,173,90,83,noisy,34.604389999993145,0.8820894348978754,0.008544921875
qaoa,10,0,heavy_hex,22,preset_default,89,0.0016288000042550266,63,173,90,83,ideal,0.02465809998102486,0.9118505570740697,0.017578125
qaoa,10,0,heavy_hex,22,preset_default,89,0.0016288000042550266,63,173,90,83,noisy,57.54063909998513,0.8843936795853302,0.00830078125
qaoa,10,0,heavy_hex,33,preset_default,84,0.0019619000086095184,69,179,90,89,ideal,0.04283280001254752,0.917949090641132,0.015380859375
qaoa,10,0,heavy_hex,33,preset_default,84,0.0019619000086095184,69,179,90,89,noisy,152.0779451999988,0.8811928383677085,0.009765625
qaoa,10,1,linear,11,preset_default,59,0.002454600005876273,27,137,90,47,ideal,0.03645010001491755,0.919024192928541,0.014404296875
qaoa,10,1,linear,11,preset_default,59,0.002454600005876273,27,137,90,47,noisy,0.10476880002534017,0.8956327029380357,0.010498046875
qaoa,10,1,linear,22,preset_default,62,0.003057299996726215,27,137,90,47,ideal,0.02106850000564009,0.9107898935181805,0.015869140625
qaoa,10,1,linear,22,preset_default,62,0.003057299996726215,27,137,90,47,noisy,0.09943780000321567,0.8839318497807238,0.01123046875
qaoa,10,1,linear,33,preset_default,62,0.0028996000182814896,27,137,90,47,ideal,0.021096999989822507,0.9160397550844757,0.015625
qaoa,10,1,linear,33,preset_default,62,0.0028996000182814896,27,137,90,47,noisy,0.0982648000062909,0.8893753779621504,0.009765625
qaoa,10,1,grid,11,preset_default,36,0.001992200006498024,0,110,90,20,ideal,0.018971000012243167,0.9235571472290247,0.012939453125
qaoa,10,1,grid,11,preset_default,36,0.001992200006498024,0,110,90,20,noisy,0.06877349998103455,0.9067121359953325,0.0087890625
qaoa,10,1,grid,22,preset_default,36,0.002234699990367517,0,110,90,20,ideal,0.019809599994914606,0.9119612966124689,0.012451171875
qaoa,10,1,grid,22,preset_default,36,0.002234699990367517,0,110,90,20,noisy,0.06833189999451861,0.9024746660091254,0.009033203125
qaoa,10,1,grid,33,preset_default,36,0.002038400009041652,0,110,90,20,ideal,0.01988619999610819,0.9160397550844757,0.015625
qaoa,10,1,grid,33,preset_default,36,0.002038400009041652,0,110,90,20,noisy,0.06884059999720193,0.9039530643377917,0.010986328125
qaoa,10,1,heavy_hex,11,preset_default,36,0.0024782000109553337,0,110,90,20,ideal,0.017920799989951774,0.9222646070358017,0.01611328125
qaoa,10,1,heavy_hex,11,preset_default,36,0.0024782000109553337,0,110,90,20,noisy,0.06689129999722354,0.9097022348245122,0.01123046875
qaoa,10,1,heavy_hex,22,preset_default,36,0.0022078999900259078,0,110,90,20,ideal,0.02218870000797324,0.9148771382586592,0.016357421875
qaoa,10,1,heavy_hex,22,preset_default,36,0.0022078999900259078,0,110,90,20,noisy,0.06687260000035167,0.9061632870439047,0.012451171875
qaoa,10,1,heavy_hex,33,preset_default,36,0.002291800017701462,0,110,90,20,ideal,0.02109500000369735,0.9158070193905772,0.01416015625
qaoa,10,1,heavy_hex,33,preset_default,36,0.002291800017701462,0,110,90,20,noisy,0.06705790001433343,0.897641845781304,0.009521484375
qaoa,10,2,linear,11,preset_default,58,0.004116999974939972,25,146,101,45,ideal,0.01927849999628961,0.919024192928541,0.014404296875
qaoa,10,2,linear,11,preset_default,58,0.004116999974939972,25,146,101,45,noisy,0.1091450999956578,0.8978344959844765,0.0107421875
qaoa,10,2,linear,22,preset_default,61,0.00481959999888204,25,145,100,45,ideal,0.020782800012966618,0.9107898935181805,0.015869140625
qaoa,10,2,linear,22,preset_default,61,0.00481959999888204,25,145,100,45,noisy,0.09678730001905933,0.8832399499646462,0.01123046875
qaoa,10,2,linear,33,preset_default,61,0.004124200000660494,25,146,101,45,ideal,0.01959290000377223,0.9160397550844757,0.015625
qaoa,10,2,linear,33,preset_default,61,0.004124200000660494,25,146,101,45,noisy,0.09626449999632314,0.8892502656555062,0.009033203125
qaoa,10,2,grid,11,preset_default,36,0.0032516999926883727,0,109,89,20,ideal,0.019717900024261326,0.9235571472290247,0.012939453125
qaoa,10,2,grid,11,preset_default,36,0.0032516999926883727,0,109,89,20,noisy,0.06902330002048984,0.9067121359953325,0.0087890625
qaoa,10,2,grid,22,preset_default,36,0.0032364999933633953,0,109,89,20,ideal,0.01802830002270639,0.9119612966124689,0.012451171875
qaoa,10,2,grid,22,preset_default,36,0.0032364999933633953,0,109,89,20,noisy,0.06914729997515678,0.9024746660091254,0.009033203125
qaoa,10,2,grid,33,preset_default,36,0.003865400009090081,0,109,89,20,ideal,0.020629099977668375,0.9160397550844757,0.015625
qaoa,10,2,grid,33,preset_default,36,0.003865400009090081,0,109,89,20,noisy,0.06852140001137741,0.9039530643377917,0.010986328125
qaoa,10,2,heavy_hex,11,preset_default,36,0.004025700007332489,0,109,89,20,ideal,0.01846650001243688,0.9222646070358017,0.01611328125
qaoa,10,2,heavy_hex,11,preset_default,36,0.004025700007332489,0,109,89,20,noisy,0.0679785999818705,0.9097022348245122,0.01123046875
qaoa,10,2,heavy_hex,22,preset_default,36,0.003627900005085394,0,109,89,20,ideal,0.019087799999397248,0.9148771382586592,0.016357421875
qaoa,10,2,heavy_hex,22,preset_default,36,0.003627900005085394,0,109,89,20,noisy,0.06715280000935309,0.9061632870439047,0.012451171875
qaoa,10,2,heavy_hex,33,preset_default,36,0.003854900016449392,0,109,89,20,ideal,0.019683499995153397,0.9158070193905772,0.01416015625
qaoa,10,2,heavy_hex,33,preset_default,36,0.003854900016449392,0,109,89,20,noisy,0.06672410000464879,0.897641845781304,0.009521484375
qaoa,10,3,linear,11,preset_default,58,0.005475199985085055,25,146,101,45,ideal,0.0225724000192713,0.919024192928541,0.014404296875
qaoa,10,3,linear,11,preset_default,58,0.005475199985085055,25,146,101,45,noisy,0.09776979999151081,0.8978344959844765,0.0107421875
qaoa,10,3,linear,22,preset_default,61,0.005223999993177131,25,145,100,45,ideal,0.021595199999865144,0.9107898935181805,0.015869140625
qaoa,10,3,linear,22,preset_default,61,0.005223999993177131,25,145,100,45,noisy,0.09708500001579523,0.8832399499646462,0.01123046875
qaoa,10,3,linear,33,preset_default,61,0.004804399999557063,25,146,101,45,ideal,0.01909339998383075,0.9160397550844757,0.015625
qaoa,10,3,linear,33,preset_default,61,0.004804399999557063,25,146,101,45,noisy,0.09800349999568425,0.8892502656555062,0.009033203125
qaoa,10,3,grid,11,preset_default,36,0.00423439999576658,0,109,89,20,ideal,0.01841170000261627,0.9235571472290247,0.012939453125
qaoa,10,3,grid,11,preset_default,36,0.00423439999576658,0,109,89,20,noisy,0.06816249998519197,0.9067121359953325,0.0087890625
qaoa,10,3,grid,22,preset_default,36,0.0037148999981582165,0,109,89,20,ideal,0.019440500007476658,0.9119612966124689,0.012451171875
qaoa,10,3,grid,22,preset_default,36,0.0037148999981582165,0,109,89,20,noisy,0.0685337999893818,0.9024746660091254,0.009033203125
qaoa,10,3,grid,33,preset_default,36,0.003784200001973659,0,109,89,20,ideal,0.021060600003693253,0.9160397550844757,0.015625
qaoa,10,3,grid,33,preset_default,36,0.003784200001973659,0,109,89,20,noisy,0.06936090000090189,0.9039530643377917,0.010986328125
qaoa,10,3,heavy_hex,11,preset_default,36,0.0039527999761048704,0,109,89,20,ideal,0.02048629999626428,0.9222646070358017,0.01611328125
qaoa,10,3,heavy_hex,11,preset_default,36,0.0039527999761048704,0,109,89,20,noisy,0.06658419998711906,0.9097022348245122,0.01123046875
qaoa,10,3,heavy_hex,22,preset_default,36,0.004119399993214756,0,109,89,20,ideal,0.02032459998736158,0.9148771382586592,0.016357421875
qaoa,10,3,heavy_hex,22,preset_default,36,0.004119399993214756,0,109,89,20,noisy,0.06760909999138676,0.9061632870439047,0.012451171875
qaoa,10,3,heavy_hex,33,preset_default,36,0.004329000017605722,0,109,89,20,ideal,0.01873919999343343,0.9158070193905772,0.01416015625
qaoa,10,3,heavy_hex,33,preset_default,36,0.004329000017605722,0,109,89,20,noisy,0.0673092000070028,0.897641845781304,0.009521484375
