circuit,num_qubits,routing,seed,optimization_level,topology,mode,depth,transpile_time,total_gates,one_qubit_gates,two_qubit_gates,fidelity,success_prob
ghz,5,sabre,11,1,linear,noisy,8,0.0010277999972458929,7,3,4,0.8825675320650527,0.882568359375
ghz,5,sabre,22,1,linear,noisy,8,0.0010256999812554568,7,3,4,0.8746882436168026,0.874755859375
ghz,5,sabre,33,1,linear,noisy,8,0.0009468999924138188,7,3,4,0.8820677628052839,0.882080078125
ghz,5,basic,11,1,linear,noisy,8,0.0010167000000365078,7,3,4,0.8825675320650527,0.882568359375
ghz,5,basic,22,1,linear,noisy,8,0.0010605999850668013,7,3,4,0.8746882436168026,0.874755859375
ghz,5,basic,33,1,linear,noisy,8,0.0009423000155948102,7,3,4,0.8820677628052839,0.882080078125
ghz,5,lookahead,11,1,linear,noisy,8,0.0010817000002134591,7,3,4,0.8825675320650527,0.882568359375
ghz,5,lookahead,22,1,linear,noisy,8,0.0009622999932616949,7,3,4,0.8746882436168026,0.874755859375
ghz,5,lookahead,33,1,linear,noisy,8,0.00122819998068735,7,3,4,0.8820677628052839,0.882080078125
ghz,8,sabre,11,1,linear,noisy,11,0.0011195999977644533,10,3,7,0.8000483624918616,0.800048828125
ghz,8,sabre,22,1,linear,noisy,11,0.001070300000719726,10,3,7,0.8053754982637732,0.805419921875
ghz,8,sabre,33,1,linear,noisy,11,0.0011507000017445534,10,3,7,0.8137176083213286,0.813720703125
ghz,8,basic,11,1,linear,noisy,11,0.001024700002744794,10,3,7,0.8000483624918616,0.800048828125
ghz,8,basic,22,1,linear,noisy,11,0.0010407999798189849,10,3,7,0.8053754982637732,0.805419921875
ghz,8,basic,33,1,linear,noisy,11,0.0011359999771229923,10,3,7,0.8137176083213286,0.813720703125
ghz,8,lookahead,11,1,linear,noisy,11,0.001037600013660267,10,3,7,0.8000483624918616,0.800048828125
ghz,8,lookahead,22,1,linear,noisy,11,0.0011814000026788563,10,3,7,0.8053754982637732,0.805419921875
ghz,8,lookahead,33,1,linear,noisy,11,0.0010654000216163695,10,3,7,0.8137176083213286,0.813720703125
ghz,10,sabre,11,1,linear,noisy,13,0.0012960000021848828,12,3,9,0.7678206936511437,0.767822265625
ghz,10,sabre,22,1,linear,noisy,13,0.001193600008264184,12,3,9,0.7631179059894815,0.76318359375
ghz,10,sabre,33,1,linear,noisy,13,0.001150299998698756,12,3,9,0.7678166569480508,0.767822265625
ghz,10,basic,11,1,linear,noisy,13,0.0011569999915082008,12,3,9,0.7678206936511437,0.767822265625
ghz,10,basic,22,1,linear,noisy,13,0.0011590999783948064,12,3,9,0.7631179059894815,0.76318359375
ghz,10,basic,33,1,linear,noisy,13,0.0010806999925989658,12,3,9,0.7678166569480508,0.767822265625
ghz,10,lookahead,11,1,linear,noisy,13,0.0013839999737683684,12,3,9,0.7678206936511437,0.767822265625
ghz,10,lookahead,22,1,linear,noisy,13,0.0011249000090174377,12,3,9,0.7631179059894815,0.76318359375
ghz,10,lookahead,33,1,linear,noisy,13,0.0012045000039506704,12,3,9,0.7678166569480508,0.767822265625
qft,5,sabre,11,1,linear,noisy,56,0.0032823999936226755,99,49,50,0.623291015625002,0.623291015625
qft,5,sabre,22,1,linear,noisy,56,0.0032112000044435263,99,49,50,0.6113281250000018,0.611328125
qft,5,sabre,33,1,linear,noisy,56,0.003577600000426173,99,49,50,0.6328125000000019,0.6328125
qft,5,basic,11,1,linear,noisy,75,0.005801599996630102,123,49,74,0.5266113281250021,0.526611328125
qft,5,basic,22,1,linear,noisy,78,0.004743199999211356,136,50,86,0.475830078125002,0.475830078125
qft,5,basic,33,1,linear,noisy,75,0.004396500007715076,123,49,74,0.5344238281250021,0.534423828125
qft,5,lookahead,11,1,linear,noisy,59,0.06004989999928512,99,49,50,0.623046875000002,0.623046875
qft,5,lookahead,22,1,linear,noisy,56,0.058782000007340685,99,49,50,0.6113281250000018,0.611328125
qft,5,lookahead,33,1,linear,noisy,59,0.059193900000536814,99,49,50,0.6330566406250019,0.633056640625
qft,8,sabre,11,1,linear,noisy,124,0.004055299999890849,288,118,170,0.25390625000000905,0.25390625
qft,8,sabre,22,1,linear,noisy,140,0.004219900001771748,288,118,170,0.2431640625000093,0.2431640625
qft,8,sabre,33,1,linear,noisy,124,0.004119899997022003,288,118,170,0.24780273437500855,0.247802734375
qft,8,basic,11,1,linear,noisy,235,0.007897699979366735,535,119,416,0.0539550781250059,0.053955078125
qft,8,basic,22,1,linear,noisy,170,0.007646799989743158,412,119,293,0.11157226562500722,0.111572265625
qft,8,basic,33,1,linear,noisy,246,0.00790880000567995,547,119,428,0.051269531250005725,0.05126953125
qft,8,lookahead,11,1,linear,noisy,129,0.7867183999915142,279,118,161,0.26684570312500955,0.266845703125
qft,8,lookahead,22,1,linear,noisy,125,0.9289278000069316,285,118,167,0.2512207031250095,0.251220703125
qft,8,lookahead,33,1,linear,noisy,137,0.5488689000194427,294,118,176,0.23754882812500874,0.237548828125
qft,10,sabre,11,1,linear,noisy,172,0.003507199988234788,461,179,282,0.11132812500001853,0.111328125
qft,10,sabre,22,1,linear,noisy,174,0.0048562999872956425,465,180,285,0.10620117187501779,0.106201171875
qft,10,sabre,33,1,linear,noisy,172,0.0035499999939929694,458,179,279,0.11596679687501911,0.115966796875
qft,10,basic,11,1,linear,noisy,287,0.008254999993368983,800,179,621,0.01806640625000876,0.01806640625
qft,10,basic,22,1,linear,noisy,348,0.0085638000164181,849,180,669,0.0136718750000082,0.013671875
qft,10,basic,33,1,linear,noisy,273,0.007665300014195964,786,180,606,0.017333984375008757,0.017333984375
qft,10,lookahead,11,1,linear,noisy,193,1.0227273000054993,461,179,282,0.11206054687501701,0.112060546875
qft,10,lookahead,22,1,linear,noisy,174,1.0054940000118222,458,179,279,0.11328125000001789,0.11328125
qft,10,lookahead,33,1,linear,noisy,199,1.0901367999904323,467,179,288,0.11157226562501835,0.111572265625
qaoa,5,sabre,11,1,linear,noisy,32,0.0018897999834734946,64,45,19,0.9888096746034102,0.38916015625
qaoa,5,sabre,22,1,linear,noisy,32,0.0025093999865930527,64,45,19,0.9880608619379907,0.3974609375
qaoa,5,sabre,33,1,linear,noisy,32,0.0025197999784722924,64,45,19,0.9879152998479397,0.380126953125
qaoa,5,basic,11,1,linear,noisy,54,0.00348469999153167,70,45,25,0.9856398858553533,0.38720703125
qaoa,5,basic,22,1,linear,noisy,47,0.00390849998802878,68,45,23,0.9854817269840616,0.380615234375
qaoa,5,basic,33,1,linear,noisy,54,0.0031980999920051545,70,45,25,0.985238264848799,0.37451171875
qaoa,5,lookahead,11,1,linear,noisy,29,0.02853400001185946,64,45,19,0.9882350902322561,0.38818359375
qaoa,5,lookahead,22,1,linear,noisy,32,0.02739180001663044,64,45,19,0.9880608619379907,0.3974609375
qaoa,5,lookahead,33,1,linear,noisy,29,0.02829109999584034,64,45,19,0.9895642090357163,0.39404296875
qaoa,8,sabre,11,1,linear,noisy,50,0.003001300006872043,109,72,37,0.952919455329576,0.027099609375
qaoa,8,sabre,22,1,linear,noisy,47,0.0029008999990765005,109,72,37,0.9527390067193562,0.029052734375
qaoa,8,sabre,33,1,linear,noisy,44,0.0027219000039622188,109,72,37,0.9523608303636643,0.0263671875
qaoa,8,basic,11,1,linear,noisy,67,0.004175100009888411,112,72,40,0.9474321681689025,0.026123046875
qaoa,8,basic,22,1,linear,noisy,48,0.004219199996441603,106,72,34,0.9523212418428196,0.025634765625
qaoa,8,basic,33,1,linear,noisy,72,0.004053899989230558,112,72,40,0.947787866214743,0.02490234375
qaoa,8,lookahead,11,1,linear,noisy,47,0.1682687000138685,109,72,37,0.9505233430206835,0.029541015625
qaoa,8,lookahead,22,1,linear,noisy,50,0.12833770000725053,109,72,37,0.9485564374309062,0.0263671875
qaoa,8,lookahead,33,1,linear,noisy,41,0.16134059999603778,109,72,37,0.9481152032667511,0.02734375
qaoa,10,sabre,11,1,linear,noisy,59,0.0027357999933883548,137,90,47,0.8956327029380357,0.010498046875
qaoa,10,sabre,22,1,linear,noisy,62,0.0029566999874077737,137,90,47,0.8839318497807238,0.01123046875
qaoa,10,sabre,33,1,linear,noisy,62,0.0028894999995827675,137,90,47,0.8893753779621504,0.009765625
qaoa,10,basic,11,1,linear,noisy,87,0.0050577000074554235,143,90,53,0.884535333649822,0.009521484375
qaoa,10,basic,22,1,linear,noisy,68,0.00488630001200363,137,90,47,0.8847072588038215,0.009521484375
qaoa,10,basic,33,1,linear,noisy,57,0.0046931999968364835,134,90,44,0.892009416193209,0.008056640625
qaoa,10,lookahead,11,1,linear,noisy,59,0.26998519999324344,137,90,47,0.8956327029380357,0.010498046875
qaoa,10,lookahead,22,1,linear,noisy,62,0.2124113000172656,134,90,44,0.8934599472097552,0.01025390625
qaoa,10,lookahead,33,1,linear,noisy,62,0.3151817000180017,137,90,47,0.893508151080338,0.009033203125
